DROP DATABASE IF EXISTS `dbms`;
CREATE DATABASE  IF NOT EXISTS `dbms` /*!40100 DEFAULT CHARACTER SET utf8mb4 COLLATE utf8mb4_0900_ai_ci */ /*!80016 DEFAULT ENCRYPTION='N' */;
USE `dbms`;
-- MySQL dump 10.13  Distrib 8.0.21, for Win64 (x86_64)
--
-- Host: 127.0.0.1    Database: dbms
-- ------------------------------------------------------
-- Server version	8.0.21

/*!40101 SET @OLD_CHARACTER_SET_CLIENT=@@CHARACTER_SET_CLIENT */;
/*!40101 SET @OLD_CHARACTER_SET_RESULTS=@@CHARACTER_SET_RESULTS */;
/*!40101 SET @OLD_COLLATION_CONNECTION=@@COLLATION_CONNECTION */;
/*!50503 SET NAMES utf8 */;
/*!40103 SET @OLD_TIME_ZONE=@@TIME_ZONE */;
/*!40103 SET TIME_ZONE='+00:00' */;
/*!40014 SET @OLD_UNIQUE_CHECKS=@@UNIQUE_CHECKS, UNIQUE_CHECKS=0 */;
/*!40014 SET @OLD_FOREIGN_KEY_CHECKS=@@FOREIGN_KEY_CHECKS, FOREIGN_KEY_CHECKS=0 */;
/*!40101 SET @OLD_SQL_MODE=@@SQL_MODE, SQL_MODE='NO_AUTO_VALUE_ON_ZERO' */;
/*!40111 SET @OLD_SQL_NOTES=@@SQL_NOTES, SQL_NOTES=0 */;

--
-- Table structure for table `analysis_gdata`
--

DROP TABLE IF EXISTS `analysis_gdata`;
/*!40101 SET @saved_cs_client     = @@character_set_client */;
/*!50503 SET character_set_client = utf8mb4 */;
CREATE TABLE `analysis_gdata` (
  `g_id` varchar(50) NOT NULL,
  `sensor_id` varchar(50) NOT NULL,
  `false_positives` int DEFAULT NULL,
  `false_negatives` int DEFAULT NULL,
  `true_positives` int DEFAULT NULL,
  `true_negatives` int DEFAULT NULL,
  `sensor_status` int DEFAULT NULL,
  PRIMARY KEY (`g_id`,`sensor_id`),
  KEY `sensor_id` (`sensor_id`),
  CONSTRAINT `analysis_gdata_ibfk_1` FOREIGN KEY (`g_id`) REFERENCES `grocery` (`g_id`),
  CONSTRAINT `analysis_gdata_ibfk_2` FOREIGN KEY (`sensor_id`) REFERENCES `sensors` (`sensor_id`)
) ENGINE=InnoDB DEFAULT CHARSET=utf8mb4 COLLATE=utf8mb4_0900_ai_ci;
/*!40101 SET character_set_client = @saved_cs_client */;

--
-- Dumping data for table `analysis_gdata`
--

LOCK TABLES `analysis_gdata` WRITE;
/*!40000 ALTER TABLE `analysis_gdata` DISABLE KEYS */;
INSERT INTO `analysis_gdata` VALUES ('G1','BUT411',1,0,1,1,1),('G10','BUT454',0,1,1,0,0),('G100','BUT381',0,1,0,0,0),('G101','BUT415',0,1,1,1,0),('G102','BUT917',0,1,0,1,0),('G103','BUT431',1,0,1,0,0),('G104','BUT332',1,1,1,1,0),('G105','BUT876',0,0,1,1,0),('G106','BUT548',1,1,1,0,0),('G107','BUT058',0,0,1,1,0),('G108','BUT681',1,1,0,1,0),('G109','BUT238',0,1,1,1,0),('G11','BUT390',0,0,0,0,0),('G110','BUT515',0,0,0,1,0),('G111','BUT051',1,1,0,1,0),('G112','BUT019',0,1,1,0,0),('G113','BUT196',1,0,1,0,0),('G114','BUT793',1,1,1,0,0),('G115','BUT632',0,1,1,1,1),('G116','BUT563',1,0,1,1,1),('G117','BUT449',0,0,0,1,1),('G118','BUT237',0,1,0,1,0),('G119','BUT592',0,1,1,0,0),('G12','BUT944',1,0,1,0,0),('G120','BUT976',0,0,0,1,0),('G121','BUT131',0,0,1,0,0),('G122','BUT718',1,0,1,0,1),('G123','BUT118',1,0,1,1,1),('G124','BUT398',1,0,1,1,1),('G125','BUT688',1,0,1,0,1),('G126','BUT582',0,1,0,0,1),('G127','BUT038',0,0,1,1,1),('G128','BUT453',1,1,0,1,1),('G129','BUT098',0,0,1,0,0),('G13','BUT007',0,1,0,0,0),('G130','BUT092',1,0,0,0,0),('G131','BUT977',1,1,1,1,0),('G132','BUT240',1,1,0,1,0),('G133','BUT981',0,0,1,1,0),('G134','BUT921',0,1,1,0,0),('G135','BUT837',1,0,1,1,0),('G136','BUT776',1,0,0,0,0),('G137','BUT442',0,1,0,0,0),('G138','BUT630',1,0,1,1,0),('G139','BUT747',0,1,1,0,1),('G14','BUT958',1,0,1,0,0),('G140','BUT113',0,0,1,0,1),('G141','BUT284',0,1,1,1,1),('G142','BUT861',0,0,0,1,1),('G143','BUT277',0,1,1,1,1),('G144','BUT225',1,1,1,1,1),('G145','BUT111',1,1,0,0,1),('G146','BUT476',0,1,0,0,1),('G147','BUT780',0,1,0,1,1),('G148','BUT886',0,1,0,1,0),('G149','BUT436',1,0,1,0,1),('G15','BUT723',0,0,1,0,0),('G150','BUT542',1,1,1,1,1),('G151','BUT859',1,1,0,0,1),('G152','BUT687',0,1,1,1,1),('G153','BUT662',0,0,0,1,0),('G154','BUT179',1,0,1,0,0),('G155','BUT678',0,0,0,0,0),('G156','BUT303',0,0,0,1,0),('G157','BUT888',0,1,1,0,1),('G158','BUT985',1,1,0,1,1),('G159','BUT072',0,1,1,1,1),('G16','BUT705',0,1,1,1,0),('G160','BUT768',1,0,1,0,1),('G161','BUT503',0,0,0,1,1),('G162','BUT326',1,0,1,1,1),('G163','BUT639',0,0,0,0,1),('G164','BUT908',0,1,0,1,0),('G165','BUT970',0,1,1,0,0),('G166','BUT873',0,1,1,0,0),('G167','BUT533',1,0,0,0,0),('G168','BUT162',0,0,1,0,0),('G169','BUT458',0,0,1,1,0),('G17','BUT863',0,0,0,0,1),('G170','BUT865',0,1,0,0,0),('G171','BUT033',0,1,1,0,0),('G172','BUT440',1,1,0,1,0),('G173','BUT393',1,1,0,0,0),('G174','BUT906',1,1,0,0,1),('G175','BUT951',0,0,0,0,1),('G176','BUT822',0,0,1,0,1),('G177','BUT157',1,1,0,1,1),('G178','BUT141',1,0,0,1,1),('G179','BUT945',1,1,1,0,1),('G18','BUT165',1,0,1,1,1),('G180','BUT660',1,0,0,0,1),('G181','BUT097',1,1,0,1,1),('G182','BUT517',0,1,1,0,1),('G183','BUT067',1,1,1,1,0),('G184','BUT622',1,0,1,1,1),('G185','BUT420',0,1,1,1,1),('G186','BUT279',1,1,0,0,1),('G187','BUT446',1,0,0,0,1),('G188','BUT693',0,1,1,0,0),('G189','BUT422',1,1,0,1,0),('G19','BUT508',0,1,1,0,1),('G190','BUT375',1,1,0,0,0),('G191','BUT133',1,1,0,1,0),('G192','BUT967',0,1,1,0,1),('G193','BUT289',0,1,0,0,1),('G194','BUT700',1,0,1,0,1),('G195','BUT293',0,0,0,0,1),('G196','BUT711',1,1,1,0,1),('G197','BUT100',0,0,1,0,1),('G198','BUT246',1,1,1,1,1),('G199','BUT804',1,0,1,0,0),('G2','BUT541',1,1,0,1,0),('G20','BUT790',0,0,1,0,0),('G200','BUT971',0,1,0,0,0),('G201','BUT137',1,1,0,1,0),('G202','BUT421',1,1,1,0,0),('G203','BUT916',1,0,1,1,0),('G204','BUT514',0,1,1,1,0),('G205','BUT480',0,1,0,1,0),('G206','BUT132',1,0,1,0,0),('G207','BUT640',1,0,0,1,0),('G208','BUT667',0,0,0,1,0),('G209','BUT872',1,1,1,0,1),('G21','BUT724',1,1,0,0,0),('G210','BUT173',0,0,0,1,1),('G211','BUT684',1,1,1,0,1),('G212','BUT760',1,0,0,1,1),('G213','BUT354',0,0,1,1,1),('G214','BUT108',1,0,1,0,1),('G215','BUT206',0,0,0,0,1),('G216','BUT643',0,1,1,1,1),('G217','BUT212',1,1,1,1,1),('G218','BUT479',1,0,0,1,0),('G219','BUT534',0,1,1,0,1),('G22','BUT778',0,1,1,0,0),('G220','BUT604',1,0,0,1,1),('G221','BUT900',0,1,1,0,1),('G222','BUT646',1,1,1,0,1),('G223','BUT365',1,1,0,1,0),('G224','BUT500',0,1,1,0,0),('G225','BUT262',0,1,0,1,0),('G226','BUT085',1,1,1,0,0),('G227','BUT965',1,1,0,0,1),('G228','BUT099',0,0,0,0,1),('G229','BUT065',0,0,1,1,1),('G23','BUT226',0,0,1,0,0),('G230','BUT197',1,1,1,0,1),('G231','BUT475',1,1,1,0,1),('G232','BUT531',0,0,1,0,1),('G233','BUT510',1,1,1,1,1),('G234','BUT920',0,1,0,1,0),('G235','BUT960',1,0,0,1,0),('G236','BUT736',1,0,0,0,0),('G237','BUT559',1,1,1,0,0),('G238','BUT037',0,0,1,1,0),('G239','BUT343',1,1,1,0,0),('G24','BUT943',1,0,0,1,1),('G25','BUT680',1,1,1,0,1),('G26','BUT839',1,0,1,0,1),('G27','BUT925',0,0,0,0,1),('G28','BUT025',1,0,1,0,1),('G29','BUT527',1,0,1,1,1),('G3','BUT356',1,0,1,1,0),('G30','BUT987',1,0,1,1,1),('G31','BUT104',1,1,1,0,0),('G32','BUT840',1,0,1,0,0),('G33','BUT060',0,1,1,1,0),('G34','BUT858',0,0,1,0,0),('G35','BUT172',0,0,0,1,0),('G36','BUT143',1,1,0,1,0),('G37','BUT444',1,0,1,1,0),('G38','BUT699',0,0,0,1,0),('G39','BUT787',0,1,0,1,0),('G4','BUT586',0,0,0,1,0),('G40','BUT211',0,1,0,1,0),('G41','BUT248',0,1,0,0,1),('G42','BUT232',1,1,1,1,1),('G43','BUT966',1,0,1,0,1),('G44','BUT598',0,1,1,0,1),('G45','BUT021',1,0,1,1,1),('G46','BUT221',0,1,1,0,1),('G47','BUT488',1,0,0,0,1),('G48','BUT800',1,0,1,1,1),('G49','BUT740',0,0,0,1,1),('G5','BUT369',1,1,0,1,0),('G50','BUT263',1,0,0,1,1),('G51','BUT654',1,1,1,1,0),('G52','BUT224',0,1,1,0,0),('G53','BUT368',0,1,1,0,0),('G54','BUT160',0,1,0,1,0),('G55','BUT418',1,1,0,0,0),('G56','BUT378',1,1,1,1,0),('G57','BUT006',1,1,1,0,0),('G58','BUT489',0,0,1,1,0),('G59','BUT320',0,1,1,1,0),('G6','BUT396',0,0,1,0,0),('G60','BUT910',0,0,0,0,0),('G61','BUT484',1,0,1,0,0),('G62','BUT091',1,1,1,0,0),('G63','BUT156',0,0,1,1,0),('G64','BUT523',1,1,0,1,0),('G65','BUT653',0,0,1,0,0),('G66','BUT885',0,1,1,0,1),('G67','BUT583',1,1,0,0,1),('G68','BUT107',0,1,0,0,1),('G69','BUT577',0,1,0,1,0),('G7','BUT769',1,0,1,1,0),('G70','BUT199',0,0,1,0,0),('G71','BUT709',0,0,1,0,0),('G72','BUT855',0,1,0,0,0),('G73','BUT547',1,1,1,0,1),('G74','BUT074',0,0,1,1,1),('G75','BUT155',0,0,1,0,1),('G76','BUT799',0,0,1,0,1),('G77','BUT638',1,0,1,1,1),('G78','BUT128',1,0,0,0,1),('G79','BUT427',0,1,0,1,1),('G8','BUT122',1,0,0,0,0),('G80','BUT935',0,0,1,0,0),('G81','BUT755',0,0,1,0,0),('G82','BUT082',0,1,1,1,0),('G83','BUT641',1,0,1,0,0),('G84','BUT782',0,0,0,1,0),('G85','BUT651',1,0,0,1,0),('G86','BUT288',1,1,1,0,0),('G87','BUT893',0,1,0,1,0),('G88','BUT412',0,1,0,0,0),('G89','BUT034',0,1,0,1,0),('G9','BUT546',0,0,1,0,0),('G90','BUT075',1,1,0,1,1),('G91','BUT883',0,1,1,1,1),('G92','BUT606',0,0,1,0,1),('G93','BUT078',1,0,1,0,1),('G94','BUT330',1,1,1,0,1),('G95','BUT566',0,0,0,0,1),('G96','BUT337',0,1,0,1,1),('G97','BUT867',0,0,0,0,1),('G98','BUT281',0,0,0,0,1),('G99','BUT487',1,0,1,0,1);
/*!40000 ALTER TABLE `analysis_gdata` ENABLE KEYS */;
UNLOCK TABLES;

--
-- Table structure for table `analysis_mdata`
--

DROP TABLE IF EXISTS `analysis_mdata`;
/*!40101 SET @saved_cs_client     = @@character_set_client */;
/*!50503 SET character_set_client = utf8mb4 */;
CREATE TABLE `analysis_mdata` (
  `sensor_id` varchar(50) NOT NULL,
  `m_id` varchar(50) NOT NULL,
  `false_positives` int DEFAULT NULL,
  `false_negatives` int DEFAULT NULL,
  `true_positives` int DEFAULT NULL,
  `true_negatives` int DEFAULT NULL,
  `sensor_status` int DEFAULT NULL,
  PRIMARY KEY (`sensor_id`,`m_id`),
  KEY `m_id` (`m_id`),
  CONSTRAINT `analysis_mdata_ibfk_1` FOREIGN KEY (`m_id`) REFERENCES `medicines` (`m_id`),
  CONSTRAINT `analysis_mdata_ibfk_2` FOREIGN KEY (`sensor_id`) REFERENCES `sensors` (`sensor_id`)
) ENGINE=InnoDB DEFAULT CHARSET=utf8mb4 COLLATE=utf8mb4_0900_ai_ci;
/*!40101 SET character_set_client = @saved_cs_client */;

--
-- Dumping data for table `analysis_mdata`
--

LOCK TABLES `analysis_mdata` WRITE;
/*!40000 ALTER TABLE `analysis_mdata` DISABLE KEYS */;
INSERT INTO `analysis_mdata` VALUES ('BUT000','M102',0,0,1,1,0),('BUT001','M190',0,1,1,0,0),('BUT012','M93',1,0,0,1,1),('BUT014','M101',1,0,1,1,0),('BUT016','M60',1,0,1,1,0),('BUT022','M69',1,0,0,0,0),('BUT037','M38',0,0,1,0,0),('BUT039','M149',0,0,0,0,1),('BUT045','M193',0,0,1,0,1),('BUT050','M139',1,1,0,0,1),('BUT053','M58',0,0,1,0,0),('BUT059','M59',0,1,0,0,0),('BUT063','M97',1,0,0,1,1),('BUT065','M29',0,0,0,0,1),('BUT079','M91',0,0,0,0,1),('BUT083','M132',0,0,1,0,0),('BUT084','M195',0,0,1,1,1),('BUT085','M26',1,0,1,1,1),('BUT088','M112',1,0,1,0,0),('BUT099','M28',0,1,1,0,1),('BUT103','M48',0,1,1,0,1),('BUT108','M14',1,1,1,1,0),('BUT109','M117',0,1,1,0,1),('BUT121','M172',0,0,0,0,0),('BUT124','M180',0,1,1,1,1),('BUT129','M177',1,1,0,0,1),('BUT132','M6',0,0,0,1,0),('BUT134','M87',0,1,0,0,0),('BUT135','M120',0,0,1,1,0),('BUT137','M1',0,1,1,1,1),('BUT142','M189',0,1,0,0,0),('BUT146','M62',1,0,0,0,0),('BUT164','M104',0,0,1,0,0),('BUT173','M10',1,0,0,1,0),('BUT175','M130',1,0,1,1,0),('BUT180','M61',1,1,0,1,0),('BUT187','M54',1,1,1,1,0),('BUT189','M92',0,1,0,1,1),('BUT190','M76',1,1,1,1,1),('BUT192','M113',0,1,1,1,0),('BUT194','M67',0,0,0,0,1),('BUT197','M30',1,1,0,0,1),('BUT202','M169',0,1,1,0,0),('BUT204','M161',1,0,0,0,1),('BUT206','M15',1,0,1,1,0),('BUT210','M83',0,1,1,0,0),('BUT212','M17',0,1,1,0,1),('BUT229','M57',0,0,1,1,0),('BUT230','M119',0,1,1,0,0),('BUT244','M78',1,1,1,1,1),('BUT246','M198',0,1,1,0,1),('BUT249','M184',0,1,0,1,1),('BUT250','M98',1,1,1,0,1),('BUT251','M51',1,1,0,1,0),('BUT262','M25',1,0,0,0,1),('BUT265','M70',1,1,0,1,0),('BUT271','M89',1,0,1,0,0),('BUT278','M73',0,0,0,1,1),('BUT299','M146',1,1,0,1,1),('BUT307','M170',0,1,0,1,0),('BUT313','M138',0,1,1,0,0),('BUT316','M47',0,0,1,1,1),('BUT323','M128',1,1,1,0,1),('BUT333','M126',0,0,1,1,1),('BUT335','M129',1,0,1,0,0),('BUT343','M39',0,1,0,0,0),('BUT344','M123',0,0,0,0,1),('BUT354','M13',1,0,1,0,0),('BUT355','M96',1,0,0,1,1),('BUT361','M105',0,1,0,0,0),('BUT365','M23',0,0,0,0,0),('BUT371','M65',1,1,0,0,0),('BUT372','M109',1,0,1,0,0),('BUT373','M176',0,0,1,1,1),('BUT374','M163',0,0,0,0,1),('BUT376','M178',1,0,0,1,1),('BUT379','M187',0,0,1,0,1),('BUT382','M84',1,0,1,1,0),('BUT384','M124',0,0,0,1,1),('BUT403','M46',0,1,1,0,1),('BUT414','M72',1,1,1,0,0),('BUT417','M152',1,0,1,0,1),('BUT419','M103',1,0,1,1,0),('BUT421','M2',0,1,0,1,0),('BUT423','M43',1,1,1,0,1),('BUT432','M110',1,0,0,0,0),('BUT433','M118',1,0,1,0,0),('BUT445','M196',1,1,0,0,1),('BUT447','M143',0,0,0,1,1),('BUT452','M144',0,1,0,1,1),('BUT460','M95',1,0,1,0,1),('BUT461','M137',0,1,1,1,0),('BUT464','M42',1,1,0,1,1),('BUT471','M108',1,1,1,0,0),('BUT472','M160',0,0,0,1,1),('BUT474','M56',1,1,1,1,0),('BUT475','M31',0,0,0,0,0),('BUT479','M18',0,1,1,0,1),('BUT480','M5',1,1,0,1,0),('BUT494','M194',0,1,1,1,1),('BUT500','M24',1,1,1,1,1),('BUT504','M153',1,0,0,0,0),('BUT507','M100',1,0,1,0,0),('BUT510','M33',1,0,1,0,0),('BUT511','M171',1,1,1,1,0),('BUT514','M4',1,0,1,0,0),('BUT516','M79',0,1,0,1,1),('BUT528','M52',0,1,0,0,0),('BUT530','M106',1,0,1,0,0),('BUT531','M32',1,0,1,1,0),('BUT534','M19',0,0,1,0,1),('BUT538','M142',0,0,1,0,1),('BUT540','M158',1,1,0,0,1),('BUT544','M164',1,1,0,0,0),('BUT550','M86',0,1,1,1,0),('BUT559','M37',0,0,0,0,0),('BUT579','M148',1,1,0,0,0),('BUT587','M77',1,1,0,0,1),('BUT594','M49',0,0,1,0,1),('BUT604','M20',0,0,0,1,0),('BUT612','M71',1,1,0,0,0),('BUT623','M44',1,0,0,0,1),('BUT624','M64',1,0,1,0,0),('BUT640','M7',0,0,1,1,0),('BUT643','M16',0,1,1,1,0),('BUT645','M82',1,0,0,1,0),('BUT646','M22',1,0,0,1,0),('BUT655','M173',0,0,0,1,0),('BUT658','M188',1,1,1,1,0),('BUT667','M8',0,1,0,1,0),('BUT673','M125',0,1,1,0,1),('BUT675','M141',1,1,0,1,1),('BUT682','M127',0,1,1,1,1),('BUT684','M11',1,0,0,0,0),('BUT690','M179',1,1,1,0,1),('BUT691','M140',1,0,0,0,1),('BUT703','M116',1,0,1,1,1),('BUT706','M181',1,1,1,0,1),('BUT716','M75',1,1,1,0,1),('BUT725','M81',1,1,0,1,0),('BUT735','M182',0,0,1,1,1),('BUT736','M36',0,0,0,0,0),('BUT749','M156',0,0,0,1,0),('BUT751','M88',0,0,1,0,0),('BUT753','M50',1,0,1,0,1),('BUT760','M12',1,1,1,0,0),('BUT761','M186',0,0,1,0,1),('BUT762','M151',0,0,1,1,1),('BUT767','M53',0,1,0,1,0),('BUT771','M133',1,0,1,0,0),('BUT773','M114',0,1,1,0,0),('BUT785','M155',1,1,0,1,0),('BUT789','M145',0,1,0,0,1),('BUT802','M107',0,1,1,1,0),('BUT804','M199',0,1,1,0,0),('BUT808','M165',0,1,1,0,0),('BUT813','M111',1,1,1,1,0),('BUT820','M166',1,1,1,1,0),('BUT824','M175',1,1,0,1,1),('BUT826','M159',1,1,1,0,1),('BUT827','M135',0,1,1,0,0),('BUT829','M150',1,0,0,1,1),('BUT834','M131',0,1,1,0,0),('BUT841','M191',0,0,1,1,0),('BUT851','M40',1,0,0,0,0),('BUT872','M9',0,1,0,0,0),('BUT877','M45',1,1,1,0,1),('BUT894','M136',1,1,1,1,0),('BUT900','M21',0,0,0,1,0),('BUT904','M154',1,0,0,0,0),('BUT907','M85',1,1,1,0,0),('BUT916','M3',1,1,1,0,0),('BUT918','M121',1,0,0,1,0),('BUT919','M167',0,0,0,0,0),('BUT926','M197',0,1,1,1,1),('BUT930','M157',0,1,0,1,1),('BUT937','M94',0,0,0,0,1),('BUT948','M55',1,0,1,1,0),('BUT950','M90',1,1,0,1,1),('BUT953','M99',1,1,1,0,1),('BUT955','M63',0,1,0,0,0),('BUT956','M185',0,1,0,1,1),('BUT959','M68',0,0,1,1,1),('BUT960','M35',0,1,1,0,0),('BUT962','M168',0,0,1,1,0),('BUT963','M41',1,0,1,0,1),('BUT965','M27',1,0,1,0,1),('BUT971','M200',1,1,1,0,0),('BUT980','M66',1,1,1,1,1),('BUT993','M147',1,1,0,1,1),('BUT996','M122',0,1,0,1,1),('BUT997','M174',1,0,1,0,1);
/*!40000 ALTER TABLE `analysis_mdata` ENABLE KEYS */;
UNLOCK TABLES;

--
-- Table structure for table `analysis_sdata`
--

DROP TABLE IF EXISTS `analysis_sdata`;
/*!40101 SET @saved_cs_client     = @@character_set_client */;
/*!50503 SET character_set_client = utf8mb4 */;
CREATE TABLE `analysis_sdata` (
  `item_id` varchar(50) NOT NULL,
  `sensor_id` varchar(50) NOT NULL,
  `false_positives` int DEFAULT NULL,
  `false_negatives` int DEFAULT NULL,
  `true_positives` int DEFAULT NULL,
  `true_negatives` int DEFAULT NULL,
  `sensor_status` int DEFAULT NULL,
  PRIMARY KEY (`item_id`),
  KEY `sensor_id` (`sensor_id`),
  CONSTRAINT `analysis_sdata_ibfk_1` FOREIGN KEY (`item_id`) REFERENCES `shopping_lists` (`item_id`),
  CONSTRAINT `analysis_sdata_ibfk_2` FOREIGN KEY (`sensor_id`) REFERENCES `sensors` (`sensor_id`)
) ENGINE=InnoDB DEFAULT CHARSET=utf8mb4 COLLATE=utf8mb4_0900_ai_ci;
/*!40101 SET character_set_client = @saved_cs_client */;

--
-- Dumping data for table `analysis_sdata`
--

LOCK TABLES `analysis_sdata` WRITE;
/*!40000 ALTER TABLE `analysis_sdata` DISABLE KEYS */;
INSERT INTO `analysis_sdata` VALUES ('G100','BUT381',1,1,1,0,0),('G101','BUT415',1,1,0,0,0),('G102','BUT917',0,1,1,0,0),('G103','BUT431',1,1,0,1,0),('G104','BUT332',1,0,1,1,0),('G105','BUT876',0,0,0,0,0),('G106','BUT548',1,0,0,1,0),('G107','BUT058',0,1,1,0,0),('G108','BUT681',1,1,0,0,0),('G109','BUT238',1,0,0,0,0),('G110','BUT515',0,0,0,0,0),('G111','BUT051',0,0,1,0,0),('G112','BUT019',1,1,1,0,0),('G113','BUT196',0,1,1,0,0),('G114','BUT793',1,1,0,0,0),('G115','BUT632',0,1,0,1,1),('G116','BUT563',0,1,0,0,1),('G117','BUT449',1,0,1,1,1),('G118','BUT237',1,1,0,1,0),('G119','BUT592',1,1,1,0,0),('G120','BUT976',0,0,1,0,0),('G121','BUT131',1,1,1,0,0),('G122','BUT718',0,0,0,0,1),('G123','BUT118',0,1,1,0,1),('G124','BUT398',1,0,0,1,1),('G125','BUT688',0,1,0,1,1),('G126','BUT582',1,0,1,0,1),('G127','BUT038',0,1,0,1,1),('G128','BUT453',0,1,1,0,1),('G129','BUT098',1,0,0,1,0),('G130','BUT092',0,1,0,1,0),('G131','BUT977',1,1,1,0,0),('G132','BUT240',0,1,1,1,0),('G133','BUT981',1,0,1,0,0),('G134','BUT921',0,0,1,0,0),('G135','BUT837',1,1,1,0,0),('G136','BUT776',0,1,0,1,0),('G137','BUT442',0,1,0,1,0),('G138','BUT630',0,0,0,0,0),('G139','BUT747',1,1,0,1,1),('G140','BUT113',0,1,0,1,1),('G141','BUT284',1,0,1,0,1),('G142','BUT861',1,0,1,0,1),('G143','BUT277',1,0,1,0,1),('G144','BUT225',0,1,0,1,1),('G145','BUT111',1,0,1,0,1),('G146','BUT476',0,1,0,0,1),('G147','BUT780',0,0,0,0,1),('G148','BUT886',1,0,1,1,0),('G149','BUT436',0,1,1,0,1),('G150','BUT542',1,0,0,0,1),('G71','BUT709',0,1,0,0,0),('G72','BUT855',1,1,1,0,0),('G73','BUT547',0,1,1,0,1),('G74','BUT074',1,0,0,0,1),('G75','BUT155',0,0,0,1,1),('G76','BUT799',1,1,1,1,1),('G77','BUT638',1,0,1,1,1),('G78','BUT128',1,0,1,0,1),('G79','BUT427',1,1,1,1,1),('G80','BUT935',0,0,0,0,0),('G81','BUT755',0,0,1,1,0),('G82','BUT082',1,0,0,0,0),('G83','BUT641',0,0,1,1,0),('G84','BUT782',1,1,0,0,0),('G85','BUT651',1,0,1,0,0),('G86','BUT288',1,0,1,0,0),('G87','BUT893',1,0,0,0,0),('G88','BUT412',0,1,0,1,0),('G89','BUT034',0,0,1,0,0),('G90','BUT075',0,1,0,0,1),('G91','BUT883',1,1,0,1,1),('G92','BUT606',1,1,0,0,1),('G93','BUT078',0,1,1,1,1),('G94','BUT330',0,0,1,0,1),('G95','BUT566',0,1,1,1,1),('G96','BUT337',1,1,1,0,1),('G97','BUT867',0,1,1,1,1),('G98','BUT281',0,0,1,1,1),('G99','BUT487',0,1,1,1,1),('M1','BUT411',0,0,0,1,1),('M10','BUT454',0,1,0,1,0),('M11','BUT390',1,0,1,1,0),('M12','BUT944',0,1,0,0,0),('M13','BUT007',1,1,0,1,0),('M14','BUT958',1,1,0,1,0),('M15','BUT723',1,1,1,1,0),('M16','BUT705',1,0,1,0,0),('M17','BUT863',1,0,1,1,1),('M18','BUT165',0,1,1,1,1),('M19','BUT508',0,0,1,1,1),('M2','BUT541',0,0,0,1,0),('M20','BUT790',0,1,1,0,0),('M21','BUT724',1,1,1,0,0),('M22','BUT778',1,1,0,1,0),('M23','BUT226',0,1,0,0,0),('M24','BUT943',1,0,1,0,1),('M25','BUT680',1,0,1,0,1),('M26','BUT839',1,0,1,1,1),('M27','BUT925',1,0,1,1,1),('M28','BUT025',1,1,0,0,1),('M29','BUT527',0,0,1,0,1),('M3','BUT356',0,0,0,1,0),('M30','BUT987',0,1,1,1,1),('M31','BUT104',1,1,1,1,0),('M32','BUT840',0,0,1,1,0),('M33','BUT060',1,0,0,0,0),('M34','BUT858',0,0,0,0,0),('M35','BUT172',0,1,0,1,0),('M36','BUT143',1,0,0,0,0),('M37','BUT444',0,1,1,0,0),('M38','BUT699',0,0,0,0,0),('M39','BUT787',0,1,1,0,0),('M4','BUT586',1,0,1,1,0),('M40','BUT211',1,0,1,1,0),('M41','BUT248',1,1,1,0,1),('M42','BUT232',0,1,1,1,1),('M43','BUT966',0,1,1,0,1),('M44','BUT598',1,1,1,0,1),('M45','BUT021',1,0,1,0,1),('M46','BUT221',0,1,1,1,1),('M47','BUT488',1,0,1,0,1),('M48','BUT800',1,0,0,0,1),('M49','BUT740',1,1,1,0,1),('M5','BUT369',1,0,1,1,0),('M50','BUT263',0,1,1,1,1),('M51','BUT654',1,0,1,1,0),('M52','BUT224',0,0,1,1,0),('M53','BUT368',0,1,1,1,0),('M54','BUT160',1,0,1,0,0),('M55','BUT418',1,0,1,1,0),('M56','BUT378',1,1,1,0,0),('M57','BUT006',0,1,1,0,0),('M58','BUT489',0,0,1,1,0),('M59','BUT320',0,0,0,1,0),('M6','BUT396',1,0,0,1,0),('M60','BUT910',1,0,1,1,0),('M61','BUT484',0,0,0,1,0),('M62','BUT091',1,0,1,0,0),('M63','BUT156',1,1,1,0,0),('M64','BUT523',0,1,0,1,0),('M65','BUT653',0,1,0,1,0),('M66','BUT885',1,0,0,0,1),('M67','BUT583',0,0,1,1,1),('M68','BUT107',0,1,0,0,1),('M69','BUT577',1,1,0,1,0),('M7','BUT769',1,0,0,0,0),('M70','BUT199',0,0,1,0,0),('M8','BUT122',1,0,1,1,0),('M9','BUT546',1,0,0,1,0);
/*!40000 ALTER TABLE `analysis_sdata` ENABLE KEYS */;
UNLOCK TABLES;

--
-- Table structure for table `band_tag`
--

DROP TABLE IF EXISTS `band_tag`;
/*!40101 SET @saved_cs_client     = @@character_set_client */;
/*!50503 SET character_set_client = utf8mb4 */;
CREATE TABLE `band_tag` (
  `tag_id` varchar(50) NOT NULL,
  `customer_id` int NOT NULL,
  `item_id` varchar(50) DEFAULT NULL,
  `vessel_tag_id` varchar(50) DEFAULT NULL,
  `vessel_weight` decimal(10,2) DEFAULT NULL,
  `in_time` time NOT NULL,
  `location_seq` varchar(100) NOT NULL,
  `out_time` time DEFAULT NULL,
  PRIMARY KEY (`tag_id`,`in_time`),
  KEY `customer_id` (`customer_id`),
  CONSTRAINT `band_tag_ibfk_1` FOREIGN KEY (`customer_id`) REFERENCES `customer_information` (`customer_id`),
  CONSTRAINT `band_tag_ibfk_2` FOREIGN KEY (`tag_id`) REFERENCES `rfid_raw_data` (`tag_id`)
) ENGINE=InnoDB DEFAULT CHARSET=utf8mb4 COLLATE=utf8mb4_0900_ai_ci;
/*!40101 SET character_set_client = @saved_cs_client */;

--
-- Dumping data for table `band_tag`
--

LOCK TABLES `band_tag` WRITE;
/*!40000 ALTER TABLE `band_tag` DISABLE KEYS */;
INSERT INTO `band_tag` VALUES ('RFID0038',39,'G6696',NULL,NULL,'19:58:00','E9-I0-G8-C4-G2','23:13:00'),('RFID0078',109,'G7383',NULL,NULL,'21:40:00','C4-B0-B2','01:46:00'),('RFID0127',91,'G4890',NULL,3.39,'20:29:00','C2-C0-C7','00:20:00'),('RFID0139',42,'G1183',NULL,NULL,'11:49:00','C2-C9-C3','15:25:00'),('RFID0467',83,'G3229',NULL,2.79,'18:03:00','C3-B4-B5','22:01:00'),('RFID0468',76,'G4200',NULL,NULL,'13:45:00','C5-C1-A9','18:41:00'),('RFID0474',56,'G8011',NULL,NULL,'18:50:00','F4-C8','21:48:00'),('RFID0520',15,'G6411',NULL,3.55,'09:19:00','D3-C5-H5-A3-C1','14:09:00'),('RFID0521',54,'G7359',NULL,NULL,'18:35:00','A7-A5-C1','22:02:00'),('RFID0657',110,'G1672',NULL,4.24,'17:33:00','C7-A4-B5','19:35:00'),('RFID0664',14,'G7854',NULL,4.28,'18:25:00','D9-C7','22:32:00'),('RFID0695',21,'G5019',NULL,NULL,'23:04:00','B7-A8-C5','01:43:00'),('RFID0803',143,'G3483',NULL,NULL,'15:04:00','F0-I6','19:36:00'),('RFID0891',67,'G7371',NULL,4.93,'17:43:00','C2-A3-C1','21:52:00'),('RFID0924',28,'G3186',NULL,4.73,'08:15:00','A8-C2-B6','13:12:00'),('RFID1054',85,'G1178',NULL,2.37,'10:42:00','B1-A6-B2','14:56:00'),('RFID1074',89,'G2433',NULL,4.36,'16:40:00','C6-A8-A2','19:04:00'),('RFID1214',105,'G6478',NULL,2.68,'14:06:00','B5-A9-A8','17:56:00'),('RFID1268',6,'G2217',NULL,3.20,'15:06:00','C0-C2-C3','18:54:00'),('RFID1404',33,'G3765',NULL,NULL,'16:26:00','C4-C2-A1','20:46:00'),('RFID1419',132,'G5003',NULL,2.01,'23:21:00','D7-A5-C1-I7-H7','03:53:00'),('RFID1472',134,'G0262',NULL,1.19,'11:30:00','E1-I8-G7-C1-H5','15:30:00'),('RFID1535',131,'G9986',NULL,1.76,'16:38:00','C4-B0-C3','19:30:00'),('RFID1614',36,'G6256',NULL,NULL,'14:34:00','F7-A6','16:37:00'),('RFID1687',17,'G7809',NULL,4.40,'18:07:00','F3-C2-C7-C9-H4','20:36:00'),('RFID1722',45,'G8567',NULL,NULL,'12:04:00','B1-A7-B5','15:17:00'),('RFID1853',4,'G5813',NULL,3.81,'11:15:00','C3-A2-A6','15:50:00'),('RFID1860',2,'G5958',NULL,NULL,'17:06:00','A7-B5-B4','20:41:00'),('RFID1936',40,'G8376',NULL,NULL,'11:32:00','C0-B9-C2','13:52:00'),('RFID2032',51,'G7990',NULL,2.47,'14:45:00','C3-B5-A1','19:09:00'),('RFID2055',75,'G9836',NULL,4.94,'16:20:00','B0-C6-A9','19:01:00'),('RFID2063',123,'G2070',NULL,NULL,'19:27:00','E9-C0-H4-I9-C9','22:19:00'),('RFID2074',127,'G6475',NULL,NULL,'10:09:00','D7-C5','13:00:00'),('RFID2080',102,'G7644',NULL,1.09,'09:40:00','E6-A4-G5-A8-G1','12:26:00'),('RFID2270',94,'G1205',NULL,NULL,'10:02:00','F2-I1','13:38:00'),('RFID2327',147,'G1649',NULL,2.09,'09:58:00','B6-A4-C8','12:07:00'),('RFID2390',124,'G7146',NULL,NULL,'19:25:00','F3-A9','22:40:00'),('RFID2424',59,'G9027',NULL,NULL,'12:09:00','C8-C5-C8','16:39:00'),('RFID2426',12,'G4801',NULL,NULL,'16:52:00','E4-C4-H4-C9-C3','21:20:00'),('RFID2523',52,'G5313',NULL,1.93,'12:19:00','D3-C5','15:02:00'),('RFID2673',13,'G3821',NULL,2.01,'11:17:00','A3-C4-C8','13:24:00'),('RFID2749',140,'G1912',NULL,2.58,'10:46:00','E1-I9-H1-C5-H8','14:20:00'),('RFID2772',90,'G7216',NULL,NULL,'18:48:00','A9-C4-C8','21:35:00'),('RFID2995',37,'G0787',NULL,NULL,'22:04:00','F3-A2','00:27:00'),('RFID3000',138,'G3226',NULL,1.24,'10:48:00','F8-I0','14:46:00'),('RFID3029',79,'G6790',NULL,2.02,'20:46:00','A7-A9-C0','00:38:00'),('RFID3126',136,'G2089',NULL,NULL,'10:07:00','F7-C2-C6-A7-G1','13:13:00'),('RFID3215',133,'G1208',NULL,NULL,'17:45:00','C0-C5-C8','20:14:00'),('RFID3235',73,'G6861',NULL,NULL,'15:19:00','A1-C7-B9','17:39:00'),('RFID3613',108,'G0584',NULL,NULL,'13:16:00','A0-A8-A4','16:13:00'),('RFID3632',103,'G1836',NULL,3.41,'13:48:00','C2-B6-A5','16:28:00'),('RFID3651',139,'G0422',NULL,NULL,'23:24:00','C3-A2-B2','03:05:00'),('RFID3747',78,'G0969',NULL,NULL,'08:34:00','B5-A2-C0','13:20:00'),('RFID3818',113,'G3578',NULL,1.59,'18:57:00','C9-C5-A1','21:57:00'),('RFID3909',144,'G4906',NULL,4.59,'13:12:00','C1-B6-C1','17:06:00'),('RFID3927',46,'G5413',NULL,NULL,'16:31:00','A6-C5-A3','20:22:00'),('RFID4035',24,'G3784',NULL,NULL,'14:42:00','B5-A9-C3','17:31:00'),('RFID4204',135,'G2176',NULL,4.31,'20:35:00','F0-C8-C4-A5-H9','23:53:00'),('RFID4226',3,'G9949',NULL,4.57,'22:31:00','A8-C2-B3','02:58:00'),('RFID4245',84,'G0703',NULL,3.37,'19:34:00','G9-I2','23:10:00'),('RFID4287',69,'G4438',NULL,NULL,'13:09:00','F8-C1-H6-A7-H9','15:16:00'),('RFID4349',118,'G5519',NULL,1.19,'19:28:00','F6-A2','22:00:00'),('RFID4381',142,'G2111',NULL,3.84,'09:12:00','A5-C4-C0','13:45:00'),('RFID4637',72,'G2618',NULL,NULL,'16:17:00','B8-C8-C2','19:30:00'),('RFID4796',62,'G4990',NULL,NULL,'22:59:00','F4-C7','01:50:00'),('RFID4966',114,'G2653',NULL,2.93,'11:32:00','B7-C9-C3','14:04:00'),('RFID5064',63,'G0344',NULL,NULL,'08:52:00','F3-C8-H4-A5-C7','12:16:00'),('RFID5071',32,'G7440',NULL,NULL,'16:14:00','D0-C9-G5-A7-C1','19:31:00'),('RFID5072',66,'G5254',NULL,NULL,'20:39:00','B7-C7-B5','00:11:00'),('RFID5100',1,'G6800',NULL,4.75,'08:52:00','G3-C0','12:48:00'),('RFID5107',68,'G4249',NULL,NULL,'12:38:00','F8-C8','16:05:00'),('RFID5249',43,'G1787',NULL,NULL,'08:54:00','B4-B9-B5','12:05:00'),('RFID5334',7,'G3499',NULL,NULL,'10:46:00','D8-C5-C7-I3-C6','15:46:00'),('RFID5339',115,'G9630',NULL,3.77,'11:59:00','E6-A0-H7-A7-C3','16:30:00'),('RFID5355',98,'G9452',NULL,NULL,'11:23:00','F8-C1','15:21:00'),('RFID5398',97,'G0346',NULL,2.71,'11:15:00','A5-C9-A7','15:43:00'),('RFID5451',92,'G0819',NULL,4.98,'13:11:00','A9-C6-C4','16:51:00'),('RFID5482',116,'G7967',NULL,2.61,'16:35:00','C3-A1-C6','21:03:00'),('RFID5559',82,'G6328',NULL,4.25,'15:51:00','C9-A6-B2','19:56:00'),('RFID5648',148,'G8152',NULL,NULL,'09:09:00','F8-C4-G2-C0-C8','12:57:00'),('RFID5716',93,'G4208',NULL,NULL,'22:42:00','B2-A1-B5','03:25:00'),('RFID5726',65,'G9043',NULL,NULL,'15:25:00','C1-C8-C3','17:56:00'),('RFID5832',64,'G9919',NULL,2.88,'19:59:00','F5-A1-C7-C9-G0','00:37:00'),('RFID5914',19,'G6579',NULL,NULL,'09:37:00','F2-C6','13:14:00'),('RFID5915',120,'G8684',NULL,NULL,'08:10:00','A1-C3-A0','10:35:00'),('RFID5935',23,'G5854',NULL,NULL,'10:34:00','B9-C5-A8','13:49:00'),('RFID6009',57,'G6153',NULL,NULL,'17:10:00','B2-C5-C8','21:55:00'),('RFID6194',117,'G6862',NULL,NULL,'15:59:00','C6-C7-B9','19:41:00'),('RFID6245',55,'G0873',NULL,NULL,'13:12:00','E6-C2-G3-C4-C3','17:59:00'),('RFID6500',22,'G2801',NULL,1.16,'23:03:00','F6-C0','01:32:00'),('RFID6615',20,'G8893',NULL,3.32,'22:11:00','C2-C0-B8','01:51:00'),('RFID6685',61,'G4979',NULL,2.25,'09:17:00','C2-C0-A6','13:12:00'),('RFID6789',122,'G8297',NULL,NULL,'20:50:00','F9-I8-H6-C7-C9','01:26:00'),('RFID6844',129,'G9876',NULL,NULL,'11:39:00','E3-I3-G0-A1-H9','14:19:00'),('RFID6869',41,'G0226',NULL,3.13,'19:53:00','E6-C1-G4-A4-H3','22:24:00'),('RFID6895',107,'G3675',NULL,NULL,'17:00:00','A0-A0-A1','20:10:00'),('RFID6910',125,'G1039',NULL,NULL,'12:48:00','C4-B3-A4','16:46:00'),('RFID7009',9,'G7313',NULL,1.50,'11:04:00','A0-C4-B1','14:25:00'),('RFID7078',71,'G7644',NULL,4.23,'13:24:00','F6-C5-H6-C8-C6','18:16:00'),('RFID7265',146,'G9286',NULL,1.57,'08:39:00','B4-B8-C1','11:58:00'),('RFID7330',5,'G5394',NULL,3.32,'08:33:00','B6-C9-C5','11:40:00'),('RFID7353',34,'G4766',NULL,1.93,'18:15:00','E9-A2-G4-C6-H2','20:50:00'),('RFID7410',35,'G1538',NULL,NULL,'17:10:00','C4-A4-C8','20:04:00'),('RFID7468',16,'G4781',NULL,1.66,'09:34:00','C7-C8-A4','13:31:00'),('RFID7627',112,'G7037',NULL,NULL,'09:49:00','D7-C1-G2-A4-H2','13:31:00'),('RFID7657',81,'G0502',NULL,1.58,'14:41:00','F5-C1-C5-C9-C5','19:05:00'),('RFID7676',95,'G7029',NULL,1.21,'17:23:00','C5-C5-A6','19:46:00'),('RFID7695',29,'G6817',NULL,NULL,'18:27:00','C4-A8-B0','21:34:00'),('RFID7706',111,'G5196',NULL,NULL,'13:13:00','C5-C1-A9','15:50:00'),('RFID7794',74,'G7459',NULL,NULL,'21:50:00','C7-A4-C5','00:03:00'),('RFID7910',86,'G8508',NULL,3.47,'22:30:00','A7-A4-A9','03:17:00'),('RFID7929',25,'G2299',NULL,2.80,'08:54:00','C9-B5-C7','11:10:00'),('RFID7966',96,'G0347',NULL,1.70,'13:17:00','D0-A9-C0-C3-C0','17:39:00'),('RFID7987',47,'G8067',NULL,NULL,'14:49:00','F9-C3','19:16:00'),('RFID8046',58,'G0654',NULL,NULL,'12:59:00','A2-A1-B9','16:50:00'),('RFID8077',101,'G3571',NULL,4.97,'13:41:00','C3-C0-A8','17:56:00'),('RFID8125',104,'G6382',NULL,NULL,'14:03:00','C5-A8-C0','18:54:00'),('RFID8136',80,'G6266',NULL,4.26,'21:27:00','A1-C0-A3','23:49:00'),('RFID8266',48,'G8455',NULL,NULL,'23:13:00','C0-B2-B9','01:47:00'),('RFID8321',150,'G1938',NULL,NULL,'11:08:00','C6-B1-C3','14:33:00'),('RFID8356',26,'G0897',NULL,NULL,'19:51:00','F2-A3','23:10:00'),('RFID8361',8,'G0042',NULL,1.87,'18:13:00','B3-B4-C3','20:26:00'),('RFID8379',60,'G3912',NULL,3.14,'23:54:00','C9-A8-A0','03:48:00'),('RFID8401',100,'G9147',NULL,NULL,'20:25:00','C6-C0-B8','00:17:00'),('RFID8439',130,'G5522',NULL,4.05,'13:24:00','B6-C9-C8','17:41:00'),('RFID8460',88,'G6902',NULL,NULL,'17:03:00','B8-B4-A0','19:50:00'),('RFID8475',38,'G3285',NULL,1.54,'15:26:00','C0-B2-C8','20:23:00'),('RFID8525',18,'G6911',NULL,NULL,'14:20:00','B7-C8-A0','16:41:00'),('RFID8627',121,'G6323',NULL,3.86,'21:26:00','C6-C2-C5','01:12:00'),('RFID8639',50,'G9062',NULL,1.26,'21:21:00','F4-A0','01:13:00'),('RFID8656',77,'G6744',NULL,4.68,'18:39:00','F6-I9-C7-A8-H7','22:04:00'),('RFID8699',141,'G1127',NULL,NULL,'15:21:00','C0-C3-B0','18:58:00'),('RFID8797',119,'G6655',NULL,NULL,'16:49:00','F2-C9-C7-I1-H8','19:56:00'),('RFID9184',10,'G7478',NULL,NULL,'22:51:00','F7-C3','01:30:00'),('RFID9200',44,'G3834',NULL,NULL,'08:53:00','F9-I8','11:23:00'),('RFID9276',126,'G4087',NULL,2.66,'22:29:00','C3-C0-A6','00:50:00'),('RFID9309',149,'G8033',NULL,NULL,'14:36:00','A8-B5-C0','19:01:00'),('RFID9317',30,'G7702',NULL,NULL,'18:40:00','A0-C5-C6','23:25:00'),('RFID9325',99,'G5589',NULL,NULL,'08:45:00','A5-A6-C7','13:25:00'),('RFID9370',53,'G3122',NULL,NULL,'20:25:00','A1-C7-B3','00:47:00'),('RFID9397',87,'G7557',NULL,NULL,'15:57:00','C5-C1-B1','19:57:00'),('RFID9488',106,'G5890',NULL,NULL,'15:01:00','F1-I1-C7-I4-H6','19:52:00'),('RFID9492',137,'G8126',NULL,1.69,'21:38:00','C5-A3-B9','23:53:00'),('RFID9715',31,'G5850',NULL,1.93,'14:43:00','B8-A3-C1','19:23:00'),('RFID9749',128,'G3567',NULL,1.57,'17:59:00','F6-I6-H9-A0-C9','22:01:00'),('RFID9789',27,'G3321',NULL,NULL,'21:19:00','C8-A9-A0','02:14:00'),('RFID9853',70,'G9616',NULL,NULL,'23:52:00','C1-C0-C3','04:01:00'),('RFID9871',49,'G8417',NULL,4.74,'17:16:00','C4-C5-B3','22:12:00'),('RFID9891',145,'G4746',NULL,NULL,'20:55:00','F1-I3','00:45:00'),('RFID9985',11,'G2876',NULL,NULL,'13:01:00','C9-A8-C8','16:32:00');
/*!40000 ALTER TABLE `band_tag` ENABLE KEYS */;
UNLOCK TABLES;

--
-- Table structure for table `customer_information`
--

DROP TABLE IF EXISTS `customer_information`;
/*!40101 SET @saved_cs_client     = @@character_set_client */;
/*!50503 SET character_set_client = utf8mb4 */;
CREATE TABLE `customer_information` (
  `customer_id` int NOT NULL,
  `first_name` varchar(50) NOT NULL,
  `last_name` varchar(50) NOT NULL,
  `bhim_id` bigint NOT NULL,
  `address` varchar(50) NOT NULL,
  `email_id` varchar(50) DEFAULT NULL,
  `contact_number` bigint NOT NULL,
  `age` int NOT NULL,
  `date_of_shopping` date NOT NULL,
  PRIMARY KEY (`customer_id`)
) ENGINE=InnoDB DEFAULT CHARSET=utf8mb4 COLLATE=utf8mb4_0900_ai_ci;
/*!40101 SET character_set_client = @saved_cs_client */;

--
-- Dumping data for table `customer_information`
--

LOCK TABLES `customer_information` WRITE;
/*!40000 ALTER TABLE `customer_information` DISABLE KEYS */;
INSERT INTO `customer_information` VALUES (1,'Tawsha','Mault',72205136668,'Duhu','tmault0@usda.gov',2424312641,34,'2019-04-20'),(2,'Max','Broad',94015292662,'Pasarbaru','mbroad1@mapy.cz',7436717277,55,'2019-12-29'),(3,'Valencia','Alway',63019220495,'Pleshanovo','valway2@imgur.com',9161433944,46,'2020-08-09'),(4,'Hakim','Ghiotto',25599958068,'Massy','hghiotto3@myspace.com',2263708494,76,'2020-06-24'),(5,'Babara','Folley',28557084484,'Jiquilillo','bfolley4@symantec.com',9963532618,48,'2019-12-28'),(6,'Etan','Berntsson',65861307037,'Kostanay','eberntsson5@independent.co.uk',7807394241,60,'2020-09-06'),(7,'Mirabelle','Georgeou',51903434797,'Des Moines','mgeorgeou6@gmpg.org',5155381768,31,'2019-05-24'),(8,'Nellie','Birkin',44585623474,'Batang','nbirkin7@dot.gov',5223543013,27,'2018-11-29'),(9,'Beatriz','Sinclaire',88835230566,'Pereira','bsinclaire8@free.fr',4154124053,41,'2020-05-12'),(10,'Ches','Petheridge',31088929855,'Masaguisi','cpetheridge9@businessinsider.com',9004488155,73,'2020-05-01'),(11,'Petunia','MacKall',84000205370,'Salawu','pmackalla@rakuten.co.jp',6677024605,73,'2020-05-01'),(12,'Mollie','Koppeck',96132502410,'Heydərabad','mkoppeckb@nationalgeographic.com',5874503329,69,'2019-05-29'),(13,'Dougy','Revington',19634475223,'Datong','drevingtonc@imdb.com',5335715260,51,'2019-09-09'),(14,'Andres','Pirson',78324182846,'Feteira Pequena','apirsond@cdc.gov',7332421025,61,'2018-12-29'),(15,'Luelle','Kennea',45482378149,'Slutsk','lkenneae@jimdo.com',7514801965,28,'2019-01-18'),(16,'Bobine','Waggitt',34061088790,'Pámfylla','bwaggittf@instagram.com',4333163336,79,'2020-05-01'),(17,'Felice','Roggerone',47788706340,'Pyhäsalmi','froggeroneg@ezinearticles.com',5715425960,26,'2020-10-25'),(18,'Issie','Charters',91118619313,'Agenebode','ichartersh@wix.com',7589419089,29,'2020-07-21'),(19,'Dedra','Coventon',92238077318,'Czernikowo','dcoventoni@woothemes.com',4563121169,72,'2020-07-27'),(20,'Benedikta','Ciobutaru',18107937538,'Enniskerry','bciobutaruj@google.ru',3185130598,72,'2019-02-08'),(21,'Ros','Iannuzzi',75409815890,'Whittlesea','riannuzzik@hud.gov',9966523109,80,'2018-11-30'),(22,'Ode','Yakushkev',75538164663,'Sabana Iglesia','oyakushkevl@intel.com',8474942071,39,'2019-12-14'),(23,'Anton','Easseby',55973555109,'Volovo','aeassebym@trellian.com',4001592232,37,'2019-07-03'),(24,'Asia','Fallanche',32870517023,'Guintubhan','afallanchen@youtu.be',2456675810,47,'2019-01-05'),(25,'Armand','Brazelton',26578102532,'Skoghall','abrazeltono@hc360.com',7272562587,67,'2019-12-11'),(26,'Albrecht','Deval',24166700582,'Waru','adevalp@istockphoto.com',3049140961,52,'2020-02-15'),(27,'Jarvis','Lancaster',87982716015,'Postoloprty','jlancasterq@jimdo.com',4014253904,28,'2018-11-26'),(28,'Corinna','Dannohl',77372743623,'Xiaojia','cdannohlr@ted.com',8597630132,66,'2020-07-01'),(29,'Keri','Franey',4941035463,'Gingsir','kfraneys@gizmodo.com',2022133055,40,'2020-03-18'),(30,'Gussy','Dunbavin',65162118584,'Varennes','gdunbavint@ameblo.jp',1647826846,69,'2020-04-24'),(31,'Cherri','Ringwood',77043221113,'Zhuxing Chaoxianzu','cringwoodu@infoseek.co.jp',7583426186,78,'2020-07-11'),(32,'Joby','Dable',4133414897,'Tarragona','jdablev@over-blog.com',2804713177,80,'2019-06-07'),(33,'Tait','Ovitts',20296885815,'Skore','tovittsw@intel.com',9096466101,21,'2018-10-25'),(34,'Aubrie','Rosenzwig',80105029889,'Herāt','arosenzwigx@reddit.com',6808852505,20,'2020-02-29'),(35,'Dionysus','Franklin',74410332247,'Guariba','dfrankliny@ifeng.com',4932598611,44,'2020-03-24'),(36,'Harley','Aldhous',53938756797,'Jingxin','haldhousz@usatoday.com',9837326304,58,'2019-01-10'),(37,'Giulio','Bloxam',18073805389,'Khawrah','gbloxam10@utexas.edu',5326913432,65,'2020-09-02'),(38,'Scarlett','Moyers',87131947414,'Kakanj','smoyers11@wikispaces.com',6403244730,34,'2019-11-29'),(39,'Karlee','Blodget',8188841365,'Cuauhtemoc','kblodget12@jalbum.net',5312803173,67,'2019-01-22'),(40,'Simone','Surcombe',76356294887,'Mayong','ssurcombe13@shutterfly.com',8303407910,59,'2019-01-01'),(41,'Beatrice','McCool',7366813778,'Longde Chengguanzhen','bmccool14@dot.gov',8258084054,80,'2018-11-19'),(42,'Davie','Livock',51398930815,'Majayjay','dlivock15@netscape.com',3749414835,27,'2020-03-23'),(43,'Sisely','Teresi',78130618961,'Abucayan','steresi16@prweb.com',6063039593,56,'2020-08-30'),(44,'Lloyd','Lambertson',31373863068,'Pathum Thani','llambertson17@forbes.com',3304073608,29,'2020-08-12'),(45,'Alfredo','Lanston',21463814986,'Guinsang-an','alanston18@wp.com',9526959116,47,'2020-03-20'),(46,'Tania','Bicheno',71655306002,'Syntul','tbicheno19@ca.gov',2797005230,28,'2019-08-27'),(47,'Nerty','Machen',50641248193,'Krajan','nmachen1a@imdb.com',7097559366,33,'2020-07-30'),(48,'Marje','Tallow',97372520268,'Karangsari','mtallow1b@1688.com',3618376001,67,'2019-05-07'),(49,'Sheeree','Siehard',74152005642,'Turmi','ssiehard1c@irs.gov',8491996524,77,'2018-11-09'),(50,'Shandra','Sanney',41474078608,'Lijiang','ssanney1d@altervista.org',2132877295,38,'2019-05-02'),(51,'Georas','Theis',91375547235,'Srono','gtheis1e@reddit.com',3103893775,79,'2020-01-04'),(52,'Brittne','Flint',38341716855,'Pivovarikha','bflint1f@simplemachines.org',6325178136,63,'2020-04-30'),(53,'Fleming','O\'Loughnan',82047938977,'Detroit','foloughnan1g@irs.gov',3137812857,20,'2020-01-03'),(54,'Mart','Clemett',11931674245,'Zhangcheng','mclemett1h@cam.ac.uk',8198586476,26,'2019-02-19'),(55,'Nick','Balshen',96401131619,'Shuangxi','nbalshen1i@dagondesign.com',8884436485,63,'2018-10-22'),(56,'Ammamaria','Twitchings',6728059082,'Buenavista','atwitchings1j@china.com.cn',2124554724,50,'2019-12-16'),(57,'Bertha','Minet',14573641270,'Zwettl','bminet1k@cbslocal.com',7287117531,65,'2018-12-12'),(58,'Loella','Skeeles',26253179522,'Jiuzhou','lskeeles1l@macromedia.com',5951986119,58,'2019-08-15'),(59,'Beau','Paffett',35443709234,'Huangze','bpaffett1m@elegantthemes.com',6958847212,30,'2019-05-05'),(60,'Bryanty','Mahedy',56291405841,'Jishui','bmahedy1n@issuu.com',1242153923,64,'2020-06-02'),(61,'Petunia','Boxe',97763137418,'Rancabungur','pboxe1o@technorati.com',1049559251,28,'2020-06-03'),(62,'Liam','Armatidge',97258000894,'Pokrovka','larmatidge1p@blogger.com',9031740349,62,'2019-12-11'),(63,'Iseabal','Nafziger',96855009809,'Thị Trấn Nước Hai','inafziger1q@weebly.com',2993206763,70,'2019-05-25'),(64,'Bidget','Cottel',86014201702,'Jardinópolis','bcottel1r@zdnet.com',1679084318,36,'2019-08-05'),(65,'Inessa','Morling',29089619240,'Correia Pinto','imorling1s@cpanel.net',9481545313,50,'2018-09-21'),(66,'Marta','Hapgood',84288342457,'Tiên Lãng','mhapgood1t@epa.gov',9126273140,38,'2020-09-15'),(67,'Gray','Worthing',62154834341,'Aganan','gworthing1u@springer.com',7326097682,70,'2019-10-08'),(68,'Margeaux','Swindin',41246314932,'Bull Savanna','mswindin1v@microsoft.com',4306132204,42,'2018-10-14'),(69,'Riki','Gerrard',65855254798,'Kroya','rgerrard1w@deviantart.com',4018188991,43,'2020-03-25'),(70,'Garwood','Lewsley',40309879227,'Huangshi','glewsley1x@ucoz.ru',9548802083,80,'2019-05-31'),(71,'Evelina','Binden',42190203741,'Guingamp','ebinden1y@livejournal.com',6837790030,57,'2019-02-02'),(72,'Marcelline','Saltwell',16673560021,'Malanów','msaltwell1z@jalbum.net',3843525627,40,'2020-02-10'),(73,'Kalie','Pau',89974844910,'Yong’an','kpau20@cdbaby.com',7929700373,48,'2019-08-25'),(74,'Earvin','Vittery',67315648366,'Karangmelok','evittery21@360.cn',8061308795,76,'2020-10-20'),(75,'Kit','Pretsell',99498603828,'Rājshāhi','kpretsell22@rambler.ru',9644686932,30,'2019-07-06'),(76,'Toni','Fiddymont',5427352713,'Sanjiang','tfiddymont23@arstechnica.com',2576522715,51,'2018-09-02'),(77,'Janela','Hammarberg',97024904646,'Sīrīs','jhammarberg24@joomla.org',4322465908,61,'2019-03-09'),(78,'Karolina','Roadnight',47248043564,'Nakhon Nayok','kroadnight25@discuz.net',6385544037,74,'2019-04-08'),(79,'Rosina','Searchwell',45628773855,'Buliran Segundo','rsearchwell26@com.com',7843788682,75,'2019-02-24'),(80,'Jeremy','Andryszczak',44608212305,'Sigou','jandryszczak27@studiopress.com',2337101826,65,'2019-07-28'),(81,'Reggy','McElory',76734176006,'Stari Grad','rmcelory28@1und1.de',6979762860,62,'2020-10-22'),(82,'Huey','Gergely',23584506774,'Masina','hgergely29@oaic.gov.au',7661358982,66,'2020-06-13'),(83,'Nick','Allanby',51994373280,'Digne-les-Bains','nallanby2a@desdev.cn',1897493081,29,'2019-02-04'),(84,'Rosalinde','Harmer',13571233482,'Limatambo','rharmer2b@cdc.gov',5785994389,20,'2019-08-17'),(85,'Gustav','Fines',40867728477,'Ar Rawḑah','gfines2c@arstechnica.com',8983116026,31,'2019-07-29'),(86,'Serene','Vawton',39229163989,'Xinwo','svawton2d@cdc.gov',5961727902,61,'2018-08-24'),(87,'Melessa','Lavender',10520819385,'Yongfu','mlavender2e@goodreads.com',8635181943,41,'2018-10-05'),(88,'Basia','Golsby',13255409132,'Chornobay','bgolsby2f@google.pl',3896788634,23,'2020-10-19'),(89,'Mahalia','Sykes',8925876530,'Benito Juarez','msykes2g@gnu.org',8763156079,57,'2018-12-21'),(90,'Randene','Odom',29027092656,'Ţahţā','rodom2h@hatena.ne.jp',8701693605,24,'2020-05-25'),(91,'Flynn','Kenner',20829123771,'Livorno','fkenner2i@unesco.org',7148365303,39,'2019-03-11'),(92,'Correy','Hustler',22015887478,'Göteborg','chustler2j@who.int',8472169210,62,'2018-12-06'),(93,'Ruperto','Boyd',6685051353,'Laguna Salada','rboyd2k@cmu.edu',5839222281,61,'2019-05-28'),(94,'Mel','Giraudeau',65619276205,'Pasirhuni','mgiraudeau2l@about.me',8282431578,41,'2018-09-05'),(95,'Allis','Olekhov',27227175880,'Kolape','aolekhov2m@amazonaws.com',4138536743,35,'2019-11-19'),(96,'Niven','Sulman',20137241828,'Birinci Aşıqlı','nsulman2n@tripadvisor.com',8413663705,48,'2020-05-06'),(97,'Zak','Vinecombe',73034145626,'Ganquan','zvinecombe2o@themeforest.net',5321004188,54,'2020-10-23'),(98,'Nickolai','Bustin',65448769678,'Puncakbaru','nbustin2p@wordpress.org',1743104683,76,'2020-07-15'),(99,'Martelle','Campion',35329818958,'Jiaqu','mcampion2q@odnoklassniki.ru',5622848780,30,'2019-09-03'),(100,'Grant','Mathes',82788012323,'Tejakalapa','gmathes2r@naver.com',2537938707,59,'2020-06-07'),(101,'Miner','Boneham',48987854252,'Karawatu','mboneham2s@linkedin.com',9877003631,70,'2018-11-15'),(102,'Wilfrid','Cicchillo',80699244325,'Prabuty','wcicchillo2t@independent.co.uk',4309522869,31,'2019-09-22'),(103,'Bernette','Dall',65510237522,'Matur','bdall2u@wiley.com',8161547339,58,'2019-12-22'),(104,'Pierrette','Leverson',83688813106,'Sembung','pleverson2v@com.com',9354964906,34,'2019-11-27'),(105,'Madel','Tall',2360192132,'Krajandadapmulyo','mtall2w@clickbank.net',8774686615,79,'2020-02-24'),(106,'Agneta','Coulling',97479592766,'Ash Shiḩr','acoulling2x@independent.co.uk',4156465095,33,'2019-07-16'),(107,'Alister','Nicolls',55632161858,'Veinticinco de Mayo','anicolls2y@cbc.ca',6339247895,47,'2018-12-30'),(108,'Tiebout','Evershed',84609161394,'5 de Mayo','tevershed2z@fda.gov',8081117821,74,'2020-10-07'),(109,'Cally','Kewzick',67625113493,'Rakhiv','ckewzick30@reuters.com',9697993265,29,'2018-11-05'),(110,'Belita','Prall',65658607347,'Youyun','bprall31@skype.com',6314080578,59,'2018-10-28'),(111,'Nola','Dolle',71648453408,'Armavir','ndolle32@indiegogo.com',6702076015,25,'2019-08-15'),(112,'Constantine','Wrassell',48093879152,'Samouco','cwrassell33@jigsy.com',8102337446,73,'2018-10-18'),(113,'Hyatt','Arson',81389236281,'Al Khāniq','harson34@deviantart.com',8399142753,33,'2018-09-29'),(114,'Odey','Sieur',23061754783,'Petrozavodsk','osieur35@cisco.com',5362775223,52,'2020-08-10'),(115,'Maryellen','Beglin',84030169210,'Rangah','mbeglin36@infoseek.co.jp',5685626122,40,'2019-04-02'),(116,'Regan','Satterly',92897066939,'Dāngām','rsatterly37@altervista.org',5704525450,46,'2020-08-10'),(117,'Pryce','Walenta',6272804243,'Glagahdowo','pwalenta38@indiegogo.com',6763606292,39,'2019-09-17'),(118,'Lindsy','Jakoub',41655746927,'Västerås','ljakoub39@printfriendly.com',7103475800,36,'2019-03-10'),(119,'Kile','Rops',91863357369,'Old City','krops3a@dell.com',7639676191,70,'2019-08-20'),(120,'Zechariah','Crehan',65930784169,'Lapi','zcrehan3b@aol.com',5897004186,28,'2020-09-07'),(121,'Gladi','Marzelle',25284867818,'Tiouli','gmarzelle3c@nationalgeographic.com',2605443485,80,'2019-12-21'),(122,'Catriona','Mattiato',74997518837,'Rubiataba','cmattiato3d@yolasite.com',4825282167,32,'2018-11-27'),(123,'Eirena','Hobell',34775030109,'Lalukoen Dua','ehobell3e@bluehost.com',7774326146,67,'2020-02-13'),(124,'Sigvard','Banthorpe',61979908062,'Wucun','sbanthorpe3f@barnesandnoble.com',4316164930,70,'2020-03-31'),(125,'Lainey','Morling',20927589332,'Cruz de Pau','lmorling3g@barnesandnoble.com',6711302634,45,'2018-12-29'),(126,'Carolyn','Corrao',20849148341,'Pampa de los Guanacos','ccorrao3h@state.tx.us',3758083534,21,'2018-09-11'),(127,'Kat','Palleske',51647624223,'Sigou','kpalleske3i@slashdot.org',8526961885,70,'2020-04-09'),(128,'Tom','Semiraz',63276183749,'Mpongwe','tsemiraz3j@mashable.com',3417875409,26,'2018-11-22'),(129,'Batsheva','Andrich',99888192323,'Lingqiao','bandrich3k@howstuffworks.com',6393946605,68,'2020-01-06'),(130,'Katherina','Attew',47171536027,'Halat','kattew3l@topsy.com',8852417640,25,'2019-09-11'),(131,'Marlowe','Heinsius',2386221451,'Mitzpe Ramon','mheinsius3m@spiegel.de',2952185277,48,'2019-11-19'),(132,'Gael','Abbs',72852083583,'Nicolet','gabbs3n@loc.gov',6365365087,44,'2019-10-25'),(133,'Tana','Deporte',84177814219,'Konde','tdeporte3o@google.es',3798955591,48,'2020-04-07'),(134,'Berti','Curley',77853304898,'Santa María de Caparo','bcurley3p@hatena.ne.jp',7543567570,58,'2018-08-29'),(135,'Corinne','Carlesi',74845314447,'Gaibei','ccarlesi3q@netvibes.com',3843107327,27,'2020-10-26'),(136,'Izak','Impey',97718832182,'Postojna','iimpey3r@spotify.com',1596030421,25,'2019-01-31'),(137,'Sanderson','Light',68331154144,'Verrettes','slight3s@microsoft.com',2901565896,25,'2020-09-29'),(138,'Minerva','Furman',33673020257,'Lunen','mfurman3t@123-reg.co.uk',4618558760,53,'2019-10-30'),(139,'Regen','Dellatorre',63843989023,'Ōfunato','rdellatorre3u@illinois.edu',7859216301,46,'2020-02-06'),(140,'Gwyn','Symers',99957945921,'El Carmen','gsymers3v@themeforest.net',6659215241,31,'2019-07-11'),(141,'Link','Pimblotte',44695950338,'Jinfeng','lpimblotte3w@chicagotribune.com',2015302454,44,'2018-09-07'),(142,'Letti','Snasel',44359193423,'Chư Sê','lsnasel3x@hao123.com',3996102520,23,'2019-08-21'),(143,'Tildie','Mantram',58953000417,'Kalisari','tmantram3y@prlog.org',3582552683,34,'2020-08-18'),(144,'Grace','Halligan',44078931528,'Rinconada','ghalligan3z@meetup.com',3973157251,54,'2018-12-04'),(145,'Ignacius','Worsnup',98163582067,'Balbagay','iworsnup40@ow.ly',3208244510,25,'2019-03-17'),(146,'Ferdinande','Bleue',66451339428,'Liudu','fbleue41@merriam-webster.com',7828967590,65,'2020-09-08'),(147,'Merl','Caughan',83815159425,'Raksajaya','mcaughan42@example.com',3811863652,40,'2020-02-09'),(148,'Mariam','Woolsey',30832587026,'Zelenogradsk','mwoolsey43@europa.eu',1717042469,42,'2019-05-12'),(149,'Marcile','Rosbotham',35046834924,'Venda Nova','mrosbotham44@pagesperso-orange.fr',5161794289,37,'2019-10-21'),(150,'Lanni','Chappelow',45979936047,'Leye','lchappelow45@opera.com',8416789045,77,'2019-10-08');
/*!40000 ALTER TABLE `customer_information` ENABLE KEYS */;
UNLOCK TABLES;

--
-- Table structure for table `front`
--

DROP TABLE IF EXISTS `front`;
/*!40101 SET @saved_cs_client     = @@character_set_client */;
/*!50503 SET character_set_client = utf8mb4 */;
CREATE TABLE `front` (
  `location_spot` varchar(50) NOT NULL,
  `sensor_id` varchar(50) NOT NULL,
  `tag_id` varchar(50) DEFAULT NULL,
  `item_id` varchar(50) DEFAULT NULL,
  PRIMARY KEY (`location_spot`),
  KEY `sensor_id` (`sensor_id`),
  CONSTRAINT `front_ibfk_1` FOREIGN KEY (`sensor_id`) REFERENCES `sensors` (`sensor_id`)
) ENGINE=InnoDB DEFAULT CHARSET=utf8mb4 COLLATE=utf8mb4_0900_ai_ci;
/*!40101 SET character_set_client = @saved_cs_client */;

--
-- Dumping data for table `front`
--

LOCK TABLES `front` WRITE;
/*!40000 ALTER TABLE `front` DISABLE KEYS */;
INSERT INTO `front` VALUES ('A1','BUT925','RFID9789','G3321'),('A10','BUT691','RFID3756','M383'),('A100','BUT091','RFID4796','G4990'),('A101','BUT476','RFID7265','G9286'),('A102','BUT888','RFID7858','G9281'),('A103','BUT050','RFID7190','M419'),('A104','BUT706','RFID4960','M495'),('A105','BUT799','RFID0468','G4200'),('A106','BUT967','RFID2283','G9273'),('A107','BUT753','RFID9036','M135'),('A108','BUT980','RFID7953','M056'),('A109','BUT716','RFID5051','M646'),('A11','BUT680','RFID7929','G2299'),('A110','BUT488','RFID7987','G8067'),('A111','BUT985','RFID0549','G6420'),('A112','BUT711','RFID6927','G0595'),('A113','BUT550','RFID6176','M043'),('A114','BUT918','RFID8586','M997'),('A115','BUT082','RFID5559','G6328'),('A116','BUT078','RFID5716','G4208'),('A117','BUT479','RFID1150','G0633'),('A118','BUT474','RFID5715','M442'),('A119','BUT544','RFID0767','M165'),('A12','BUT051','RFID7706','G5196'),('A120','BUT484','RFID6685','G4979'),('A121','BUT489','RFID8046','G0654'),('A122','BUT681','RFID3613','G0584'),('A123','BUT639','RFID0918','G5177'),('A124','BUT684','RFID4756','G0344'),('A125','BUT780','RFID2327','G1649'),('A126','BUT865','RFID1382','G3615'),('A127','BUT039','RFID0754','M334'),('A128','BUT417','RFID1204','M102'),('A129','BUT997','RFID2906','M288'),('A13','BUT503','RFID9154','G2560'),('A130','BUT893','RFID9397','G7557'),('A131','BUT471','RFID8179','M877'),('A132','BUT996','RFID8854','M394'),('A133','BUT504','RFID9364','M305'),('A134','BUT511','RFID1840','M135'),('A135','BUT034','RFID1074','G2433'),('A136','BUT381','RFID8401','G9147'),('A137','BUT693','RFID3679','G8511'),('A138','BUT516','RFID6570','M977'),('A139','BUT344','RFID5281','M236'),('A14','BUT108','RFID9216','G0625'),('A140','BUT935','RFID8136','G6266'),('A141','BUT971','RFID7745','G7001'),('A142','BUT643','RFID1370','G2913'),('A143','BUT103','RFID3684','M764'),('A144','BUT904','RFID0481','M582'),('A145','BUT855','RFID4637','G2618'),('A146','BUT365','RFID6702','G9876'),('A147','BUT262','RFID3252','G4776'),('A148','BUT464','RFID7438','M503'),('A149','BUT433','RFID8823','M318'),('A15','BUT085','RFID3740','G7773'),('A150','BUT566','RFID7676','G7029'),('A151','BUT867','RFID5398','G0346'),('A152','BUT414','RFID0933','M181'),('A153','BUT827','RFID6581','M748'),('A154','BUT452','RFID7188','M564'),('A155','BUT546','RFID7009','G7313'),('A156','BUT021','RFID1722','G8567'),('A157','BUT886','RFID5648','G8152'),('A158','BUT873','RFID1378','G3807'),('A159','BUT531','RFID2773','M187'),('A16','BUT196','RFID3818','G3578'),('A160','BUT038','RFID2074','G6475'),('A161','BUT858','RFID7353','G4766'),('A162','BUT760','RFID4616','G6616'),('A163','BUT251','RFID6799','M521'),('A164','BUT230','RFID3272','M943'),('A165','BUT624','RFID9368','M770'),('A166','BUT773','RFID8445','M924'),('A167','BUT333','RFID1589','M033'),('A168','BUT789','RFID5739','M197'),('A169','BUT919','RFID6235','M041'),('A17','BUT279','RFID3377','G5810'),('A170','BUT165','RFID8525','G6911'),('A171','BUT211','RFID1936','G8376'),('A172','BUT916','RFID9895','G0804'),('A173','BUT180','RFID2670','M653'),('A175','BUT592','RFID8797','G6655'),('A176','BUT240','RFID1419','G5003'),('A177','BUT000','RFID8341','M226'),('A178','BUT419','RFID9267','M304'),('A179','BUT703','RFID5139','M087'),('A18','BUT920','RFID7405','M819'),('A180','BUT393','RFID5047','G3653'),('A181','BUT480','RFID4097','G7749'),('A182','BUT173','RFID4333','G2519'),('A183','BUT229','RFID0539','M108'),('A184','BUT129','RFID9491','M333'),('A185','BUT910','RFID8379','G3912'),('A186','BUT700','RFID5662','G9312'),('A187','BUT587','RFID3293','M053'),('A188','BUT834','RFID8469','M406'),('A189','BUT762','RFID5197','M175'),('A19','BUT135','RFID9965','M520'),('A190','BUT583','RFID0891','G7371'),('A191','BUT137','RFID9463','G5411'),('A192','BUT354','RFID9398','G5515'),('A193','BUT343','RFID1649','M400'),('A194','BUT841','RFID0090','M377'),('A195','BUT577','RFID4287','G4438'),('A196','BUT563','RFID5482','G7967'),('A197','BUT398','RFID2390','G7146'),('A198','BUT872','RFID4139','G7939'),('A199','BUT824','RFID4440','M912'),('A2','BUT921','RFID1472','G0262'),('A20','BUT142','RFID6874','M007'),('A200','BUT787','RFID0038','G6696'),('A21','BUT016','RFID9631','M056'),('A22','BUT014','RFID6004','M585'),('A23','BUT829','RFID1730','M151'),('A24','BUT121','RFID7521','M086'),('A25','BUT761','RFID4118','M828'),('A26','BUT092','RFID8439','G5522'),('A27','BUT534','RFID2003','G9354'),('A28','BUT675','RFID3808','M729'),('A29','BUT553','RFID4887','M008'),('A3','BUT687','RFID3855','G8429'),('A30','BUT379','RFID8053','M389'),('A31','BUT508','RFID5914','G6579'),('A32','BUT778','RFID6500','G2801'),('A33','BUT908','RFID1941','G5834'),('A34','BUT109','RFID6443','M902'),('A35','BUT202','RFID9520','M762'),('A36','BUT390','RFID9985','G2876'),('A37','BUT724','RFID0695','G5019'),('A38','BUT966','RFID5249','G1787'),('A39','BUT033','RFID2949','G1162'),('A4','BUT604','RFID1805','G9304'),('A40','BUT210','RFID8416','M715'),('A41','BUT723','RFID0520','G6411'),('A42','BUT709','RFID7078','G7644'),('A43','BUT316','RFID7034','M193'),('A44','BUT826','RFID8516','M035'),('A45','BUT249','RFID3416','M963'),('A46','BUT007','RFID2673','G3821'),('A47','BUT104','RFID9715','G5850'),('A48','BUT415','RFID8077','G3571'),('A49','BUT963','RFID4243','M146'),('A5','BUT808','RFID9141','M967'),('A50','BUT785','RFID1337','M862'),('A51','BUT527','RFID7695','G6817'),('A52','BUT143','RFID1614','G6256'),('A53','BUT718','RFID6789','G8297'),('A54','BUT930','RFID7359','M105'),('A55','BUT307','RFID6758','M355'),('A56','BUT427','RFID3029','G6790'),('A57','BUT837','RFID4204','G2176'),('A58','BUT246','RFID6220','G0076'),('A59','BUT212','RFID3714','G9571'),('A6','BUT861','RFID4381','G2111'),('A60','BUT594','RFID8901','M534'),('A61','BUT582','RFID9276','G4087'),('A62','BUT542','RFID8321','G1938'),('A63','BUT133','RFID9989','G1703'),('A64','BUT146','RFID3259','M774'),('A65','BUT373','RFID2741','M792'),('A66','BUT885','RFID5072','G5254'),('A67','BUT977','RFID1535','G9986'),('A68','BUT747','RFID3651','G0422'),('A69','BUT725','RFID2701','M475'),('A7','BUT141','RFID5098','G1304'),('A70','BUT894','RFID9113','M776'),('A71','BUT638','RFID8656','G6744'),('A72','BUT755','RFID7657','G0502'),('A73','BUT422','RFID6080','G7020'),('A74','BUT022','RFID1213','M288'),('A75','BUT961','RFID0217','M669'),('A76','BUT356','RFID4226','G9949'),('A77','BUT876','RFID1214','G6478'),('A78','BUT948','RFID6162','M047'),('A79','BUT012','RFID1180','M697'),('A8','BUT088','RFID6688','M262'),('A80','BUT124','RFID1848','M960'),('A81','BUT403','RFID8385','M850'),('A82','BUT187','RFID5140','M745'),('A83','BUT953','RFID9351','M240'),('A84','BUT771','RFID4212','M828'),('A85','BUT654','RFID2032','G7990'),('A86','BUT371','RFID8596','M616'),('A87','BUT361','RFID9880','M893'),('A88','BUT372','RFID3372','M158'),('A89','BUT749','RFID5174','M367'),('A9','BUT192','RFID2017','M107'),('A90','BUT630','RFID3000','G3226'),('A91','BUT955','RFID1029','M154'),('A92','BUT460','RFID5407','M699'),('A93','BUT507','RFID7143','M889'),('A94','BUT494','RFID3836','M146'),('A95','BUT396','RFID1268','G2217'),('A96','BUT944','RFID2426','G4801'),('A97','BUT523','RFID5832','G9919'),('A98','BUT442','RFID9492','G8126'),('A99','BUT323','RFID6471','M013'),('B1','BUT863','RFID1687','G7809'),('B10','BUT376','RFID9304','M443'),('B100','BUT281','RFID5355','G9452'),('B101','BUT632','RFID5339','G9630'),('B102','BUT822','RFID1883','G5883'),('B103','BUT851','RFID9736','M044'),('B104','BUT134','RFID9058','M171'),('B105','BUT237','RFID4349','G5519'),('B106','BUT976','RFID5915','G8684'),('B107','BUT970','RFID7061','G8881'),('B108','BUT951','RFID8939','G3895'),('B109','BUT517','RFID9728','G2727'),('B11','BUT454','RFID9184','G7478'),('B110','BUT769','RFID5334','G3499'),('B111','BUT320','RFID2424','G9027'),('B112','BUT074','RFID7794','G7459'),('B113','BUT877','RFID1920','M123'),('B114','BUT645','RFID3229','M051'),('B115','BUT326','RFID6803','G1203'),('B116','BUT162','RFID7848','G5716'),('B117','BUT420','RFID3123','G0569'),('B118','BUT646','RFID3968','G0537'),('B119','BUT423','RFID6996','M484'),('B12','BUT421','RFID1561','G5202'),('B120','BUT221','RFID3927','G5413'),('B121','BUT678','RFID2503','G5625'),('B122','BUT640','RFID8275','G7992'),('B123','BUT028','RFID3384','M232'),('B124','BUT655','RFID2748','M885'),('B125','BUT226','RFID5935','G5854'),('B126','BUT025','RFID0924','G3186'),('B127','BUT606','RFID5451','G0819'),('B128','BUT446','RFID0342','G3964'),('B129','BUT053','RFID8276','M062'),('B13','BUT132','RFID1330','G0562'),('B130','BUT790','RFID6615','G8893'),('B131','BUT160','RFID0521','G7359'),('B132','BUT006','RFID6009','G6153'),('B133','BUT793','RFID4966','G2653'),('B134','BUT688','RFID6910','G1039'),('B135','BUT987','RFID9317','G7702'),('B136','BUT840','RFID5071','G7440'),('B137','BUT232','RFID0139','G1183'),('B138','BUT225','RFID3909','G4906'),('B139','BUT945','RFID1280','G0907'),('B14','BUT065','RFID0147','G0683'),('B140','BUT705','RFID7468','G4781'),('B141','BUT418','RFID6245','G0873'),('B142','BUT288','RFID7910','G8508'),('B143','BUT548','RFID9488','G5890'),('B144','BUT335','RFID2005','M541'),('B145','BUT263','RFID8639','G9062'),('B146','BUT058','RFID6895','G3675'),('B147','BUT278','RFID1892','M007'),('B148','BUT353','RFID5860','M955'),('B149','BUT299','RFID0399','M788'),('B15','BUT751','RFID1297','M579'),('B150','BUT248','RFID6869','G0226'),('B151','BUT128','RFID3747','G0969'),('B152','BUT651','RFID1054','G1178'),('B153','BUT662','RFID8283','G2711'),('B154','BUT289','RFID7795','G4036'),('B155','BUT981','RFID3215','G1208'),('B156','BUT514','RFID6838','G2850'),('B157','BUT099','RFID3039','G4404'),('B158','BUT313','RFID9236','M738'),('B159','BUT962','RFID6701','M512'),('B16','BUT541','RFID1860','G5958'),('B160','BUT586','RFID1853','G5813'),('B161','BUT653','RFID5726','G9043'),('B162','BUT804','RFID1341','G9114'),('B163','BUT271','RFID2825','M664'),('B164','BUT164','RFID7696','M981'),('B165','BUT883','RFID0127','G4890'),('B166','BUT859','RFID0946','G5266'),('B167','BUT157','RFID0382','G4563'),('B168','BUT461','RFID5406','M834'),('B169','BUT906','RFID0843','G3411'),('B17','BUT699','RFID8475','G3285'),('B170','BUT960','RFID5486','M035'),('B171','BUT813','RFID0638','M876'),('B172','BUT472','RFID4089','M279'),('B173','BUT782','RFID4245','G0703'),('B174','BUT487','RFID9325','G5589'),('B175','BUT375','RFID8117','G4540'),('B176','BUT470','RFID3506','M912'),('B177','BUT190','RFID0534','M106'),('B178','BUT382','RFID2068','M527'),('B179','BUT432','RFID8192','M079'),('B18','BUT660','RFID5903','G2761'),('B180','BUT735','RFID2768','M906'),('B181','BUT839','RFID8356','G0897'),('B182','BUT740','RFID9871','G8417'),('B183','BUT453','RFID9749','G3567'),('B184','BUT820','RFID5716','M022'),('B185','BUT368','RFID9370','G3122'),('B186','BUT238','RFID0078','G7383'),('B187','BUT736','RFID1947','M724'),('B188','BUT623','RFID3765','M528'),('B189','BUT411','RFID5100','G6800'),('B19','BUT384','RFID4257','M320'),('B190','BUT622','RFID9438','G9014'),('B191','BUT475','RFID3322','M703'),('B192','BUT540','RFID2176','M850'),('B193','BUT444','RFID2995','G0787'),('B194','BUT776','RFID3126','G2089'),('B195','BUT458','RFID1128','G5053'),('B196','BUT510','RFID6186','M909'),('B197','BUT355','RFID0969','M052'),('B2','BUT075','RFID2772','G7216'),('B20','BUT204','RFID3292','M446'),('B21','BUT172','RFID7410','G1538'),('B22','BUT067','RFID8484','G6253'),('B23','BUT959','RFID8933','M827'),('B24','BUT265','RFID2286','M507'),('B25','BUT189','RFID6926','M484'),('B26','BUT369','RFID7330','G5394'),('B27','BUT598','RFID9200','G3834'),('B28','BUT515','RFID0657','G1672'),('B29','BUT179','RFID6748','G5661'),('B3','BUT019','RFID7627','G7037'),('B30','BUT538','RFID1513','M578'),('B31','BUT156','RFID5064','G0344'),('B32','BUT199','RFID9853','G9616'),('B33','BUT431','RFID3632','G1836'),('B34','BUT579','RFID3353','M517'),('B35','BUT956','RFID0927','M051'),('B36','BUT337','RFID7966','G0347'),('B37','BUT303','RFID4359','G0915'),('B38','BUT127','RFID9673','M134'),('B39','BUT682','RFID8828','M619'),('B4','BUT284','RFID8699','G1127'),('B40','BUT083','RFID0053','M427'),('B41','BUT131','RFID8627','G6323'),('B42','BUT667','RFID0237','G5209'),('B43','BUT500','RFID1619','G9894'),('B44','BUT063','RFID7610','M761'),('B45','BUT084','RFID7970','M278'),('B46','BUT060','RFID1404','G3765'),('B47','BUT155','RFID2055','G9836'),('B48','BUT100','RFID5266','G8450'),('B49','BUT001','RFID4501','M840'),('B5','BUT802','RFID9045','M925'),('B50','BUT107','RFID5107','G4249'),('B51','BUT917','RFID2080','G7644'),('B52','BUT440','RFID0441','G4194'),('B53','BUT965','RFID0770','G5347'),('B54','BUT059','RFID0977','M162'),('B55','BUT206','RFID4653','G8033'),('B56','BUT559','RFID8081','M586'),('B57','BUT530','RFID3284','M527'),('B58','BUT374','RFID1147','M884'),('B59','BUT658','RFID6610','M989'),('B6','BUT330','RFID2270','G1205'),('B60','BUT800','RFID8266','G8455'),('B61','BUT277','RFID0803','G3483'),('B62','BUT533','RFID2696','G4162'),('B63','BUT037','RFID4521','M703'),('B64','BUT175','RFID8985','M434'),('B65','BUT958','RFID0664','G7854'),('B66','BUT098','RFID6844','G9876'),('B67','BUT293','RFID1300','G8545'),('B68','BUT528','RFID4134','M266'),('B69','BUT673','RFID3092','M401'),('B7','BUT857','RFID1072','M511'),('B70','BUT943','RFID4035','G3784'),('B71','BUT378','RFID0474','G8011'),('B72','BUT547','RFID3235','G6861'),('B73','BUT447','RFID4072','M163'),('B74','BUT690','RFID2205','M054'),('B75','BUT072','RFID3168','G1505'),('B76','BUT900','RFID5893','G3785'),('B77','BUT197','RFID1391','G6855'),('B78','BUT194','RFID4718','M337'),('B79','BUT244','RFID0565','M395'),('B8','BUT907','RFID3336','M131'),('B80','BUT224','RFID2523','G5313'),('B81','BUT118','RFID2063','G2070'),('B82','BUT113','RFID2749','G1912'),('B83','BUT612','RFID0521','M294'),('B84','BUT937','RFID7177','M860'),('B85','BUT332','RFID8125','G6382'),('B86','BUT449','RFID6194','G6862'),('B87','BUT111','RFID9891','G4746'),('B88','BUT097','RFID4515','G1458'),('B89','BUT445','RFID1816','M310'),('B9','BUT993','RFID6724','M616'),('B90','BUT122','RFID8361','G0042'),('B91','BUT641','RFID0467','G3229'),('B92','BUT767','RFID8478','M585'),('B93','BUT250','RFID3423','M813'),('B94','BUT045','RFID0455','M401'),('B95','BUT412','RFID8460','G6902'),('B96','BUT436','RFID9309','G8033'),('B97','BUT768','RFID7732','G9844'),('B98','BUT950','RFID1368','M229'),('B99','BUT079','RFID8188','M186');
/*!40000 ALTER TABLE `front` ENABLE KEYS */;
UNLOCK TABLES;

--
-- Table structure for table `grocery`
--

DROP TABLE IF EXISTS `grocery`;
/*!40101 SET @saved_cs_client     = @@character_set_client */;
/*!50503 SET character_set_client = utf8mb4 */;
CREATE TABLE `grocery` (
  `g_id` varchar(50) NOT NULL,
  `item_name` varchar(50) DEFAULT NULL,
  `item_category` varchar(50) DEFAULT NULL,
  `item_quantity` int DEFAULT NULL,
  `item_wcost` float DEFAULT NULL,
  `item_restock_date` date NOT NULL,
  `next_restock_date` date DEFAULT NULL,
  `s_id` varchar(50) NOT NULL,
  PRIMARY KEY (`g_id`),
  KEY `s_id` (`s_id`),
  CONSTRAINT `grocery_ibfk_1` FOREIGN KEY (`s_id`) REFERENCES `seller` (`s_id`)
) ENGINE=InnoDB DEFAULT CHARSET=utf8mb4 COLLATE=utf8mb4_0900_ai_ci;
/*!40101 SET character_set_client = @saved_cs_client */;

--
-- Dumping data for table `grocery`
--

LOCK TABLES `grocery` WRITE;
/*!40000 ALTER TABLE `grocery` DISABLE KEYS */;
INSERT INTO `grocery` VALUES ('G1','Absolut','Citron',52,1108,'2020-05-10','2021-08-24','SID1'),('G10','Fontina','Asparagus',34,1224,'2020-02-26','2021-09-12','SID10'),('G100','Almond Hazelnut','Cookies',33,1527,'2020-07-17','2021-09-10','SID100'),('G101','Cereal Nut','Cookies',97,141,'2020-02-20','2021-04-17','SID101'),('G102','Chocolate Chip','Cookies Almond Hazelnut',47,324,'2020-02-28','2020-11-30','SID102'),('G103','Wieners','Cookies Cereal Nut',80,1748,'2020-05-17','2021-03-22','SID103'),('G104','Mini Red','Coriander',93,1309,'2020-07-29','2021-05-14','SID104'),('G105','Cream Soda','Corn',49,399,'2020-10-14','2021-11-18','SID105'),('G106','Baby','Cotton Wet Mop 16 Oz',18,1841,'2019-12-09','2021-05-26','SID106'),('G107',' Green, Chili','Crab',21,720,'2020-09-22','2021-02-01','SID107'),('G108','Strawberry Lemonade','Crackers',76,552,'2019-12-16','2021-10-10','SID108'),('G109','13 Inch','Cranberries',34,1622,'2019-12-13','2021-06-05','SID109'),('G11','Montery Jack','Assorted Desserts',13,381,'2020-11-06','2021-09-13','SID11'),('G110','Eye Of Round','Crush',70,707,'2020-08-10','2021-01-20','SID110'),('G111','Spumante Bambino White','Crush',27,582,'2019-12-27','2021-09-24','SID111'),('G112','Golden','Doilies',19,200,'2020-01-16','2021-07-30','SID112'),('G113','Masa De Harina Mexican','Doilies',13,717,'2020-05-31','2021-03-31','SID113'),('G114',' Vine Ripe, Yellow','Duck',5,1831,'2020-10-22','2021-05-14','SID114'),('G115','spice','Duck',27,184,'2019-12-09','2021-01-07','SID115'),('G116','Magnotta','Ecolab',67,54,'2020-04-17','2021-03-01','SID116'),('G117',' Oyster, Fresh','Edible Flower',91,351,'2020-07-23','2021-11-21','SID117'),('G118','Mcguinness','Eggplant',72,1048,'2020-01-21','2021-02-24','SID118'),('G119','Breast','Eggplant',12,185,'2020-04-21','2021-10-12','SID119'),('G12','Sweetbread','Bagelers',93,692,'2020-04-19','2021-09-26','SID12'),('G120','Energy Chocchip','Energy Drink',8,89,'2020-01-03','2021-04-09','SID120'),('G121','Cranberry Foccacia','Energy Drink',42,1375,'2020-11-09','2021-10-16','SID121'),('G122','English Muffin','Bread',4,975,'2020-09-15','2021-03-24','SID122'),('G123',' Sweet, 4','Extract',97,886,'2020-06-06','2021-07-24','SID123'),('G124','Strawberry','Extract',18,480,'2019-12-24','2021-10-13','SID124'),('G125','Alfredo','Fennel',70,1049,'2020-10-22','2021-07-20','SID125'),('G126',' Spring Roll, Veg','Fib N9',94,742,'2020-07-26','2021-07-05','SID126'),('G127','','Flour',85,484,'2020-05-30','2021-04-19','SID127'),('G128','Salted','Fondant',15,484,'2020-01-07','2021-08-17','SID128'),('G129',' Black Bean, Preserved','Fudge',96,1260,'2020-06-04','2021-05-23','SID129'),('G13','Tenderlion','Baking Soda',91,1508,'2020-07-21','2020-12-26','SID13'),('G130','Short Ribs','Garbage Bags',84,1154,'2019-12-22','2021-09-22','SID130'),('G131','','Garbage Bags',82,1234,'2020-01-28','2021-02-25','SID131'),('G132',' Bran, Red','Garlic',77,1843,'2020-09-22','2021-03-06','SID132'),('G133','Canned','Garlic',81,1333,'2020-09-21','2021-01-07','SID133'),('G134',' Black Cherry, 591 Ml','Garlic Powder',52,1668,'2020-08-20','2020-11-30','SID134'),('G135','Club Soda Can','Gatorade',41,1861,'2020-10-02','2021-04-07','SID135'),('G136',' Inside, Choice','Gingerale',57,1586,'2020-10-10','2021-06-20','SID136'),('G137','Tenderloin','Guinea Fowl',15,1844,'2020-10-14','2021-10-02','SID137'),('G138',' Pine Nuts, Whole','Ham',42,88,'2020-09-29','2021-06-10','SID138'),('G139',' Apple, 500 Ml','Ice Cream Bar',13,301,'2020-08-26','2021-04-05','SID139'),('G14','U','Bandage',56,463,'2020-08-06','2021-11-01','SID14'),('G140','Raspberry','Island Oasis',68,1914,'2020-06-28','2020-12-16','SID140'),('G141','Frthy Coffee Crisp','Jam',38,1006,'2020-06-26','2021-07-01','SID141'),('G142',' Romano, Grated','Juice',100,538,'2020-06-25','2021-01-14','SID142'),('G143','Fresh','Juice',6,989,'2020-03-26','2021-01-19','SID143'),('G144','Peach Nectar','Juice',94,667,'2020-10-02','2021-11-01','SID144'),('G145',' Cannelloni, Sheets, Fresh','Kahlua',89,1725,'2020-05-20','2021-05-04','SID145'),('G146',' Grape, 355 Ml','Kirsch',8,463,'2020-10-12','2021-09-20','SID146'),('G147','Original Organic Lager','Kolrabi',99,1920,'2020-10-05','2021-08-29','SID147'),('G148','Blackcurrant','Lamb',94,439,'2020-06-03','2020-12-20','SID148'),('G149','Fry','Lamb',55,417,'2020-02-18','2021-06-20','SID149'),('G15',' Flour, 12','Bandage',47,189,'2020-05-24','2021-01-07','SID15'),('G150','Jafflin Bourgongone','Lamb',59,1935,'2020-04-27','2021-08-04','SID150'),('G151','Burritos','Lamb',28,139,'2020-05-05','2021-04-30','SID151'),('G152','Shortening','Lamb',43,1870,'2020-03-12','2021-01-21','SID152'),('G153','Shank','Latex Rubber Gloves Size 9',92,1435,'2020-09-16','2021-04-23','SID153'),('G154',' Oreo, 4 Pack','Leeks',6,1375,'2020-02-11','2021-02-27','SID154'),('G155',' Leg, Bone In','Lemon Tarts',36,915,'2020-06-22','2021-04-02','SID155'),('G156',' White, Riesling, Henry Of','Lettuce',60,1465,'2020-05-31','2021-10-16','SID156'),('G157',' Romaine, Heart','Lettuce',7,1608,'2020-07-13','2020-12-01','SID157'),('G158','Sheet Strawberry','Lid',84,1046,'2020-07-31','2021-05-22','SID158'),('G159',' Breast, Wing On','Lid Tray',66,1634,'2020-10-19','2021-08-18','SID159'),('G16','Campbells','Bar',57,1078,'2020-09-14','2021-06-21','SID16'),('G160','Flat Bread','Lime Cordial',83,1977,'2020-10-19','2021-02-23','SID160'),('G161','Niagara Peninsula Vqa','Lobak',79,832,'2020-06-14','2021-04-17','SID161'),('G162','Rum','Lobster',43,1947,'2020-05-11','2021-09-05','SID162'),('G163','Victor Et Berthold','Longos',77,1655,'2020-11-08','2021-11-09','SID163'),('G164','Franks Pineapple','Mace',52,255,'2019-12-23','2021-11-04','SID164'),('G165','Upper Canada Light','Magnotta Bel Paese Red',51,1298,'2020-07-02','2021-07-03','SID165'),('G166',' 5, Paper','Mcguinness',58,972,'2020-01-11','2021-01-18','SID166'),('G167','Veal','Milk',9,1612,'2020-05-05','2021-06-05','SID167'),('G168','Brown','Milk',1,1454,'2020-08-14','2021-07-13','SID168'),('G169','Organic','Mince Meat',99,1382,'2020-08-15','2020-12-14','SID169'),('G17','Chocolate Individual Wrap','Bar',30,1210,'2020-08-07','2021-01-24','SID17'),('G170','Raisin Bran','Mint',100,730,'2020-09-10','2021-10-21','SID170'),('G171','Smoked Kassler','Mix Pina Colada',49,578,'2020-08-10','2021-01-17','SID171'),('G172',' Beans, Whole','Muffin',27,1150,'2020-05-19','2021-09-06','SID172'),('G173','White Wine','Muffin Mix',45,400,'2020-05-14','2020-12-02','SID173'),('G174','Mix','Muffin Mix',89,59,'2020-09-09','2021-03-12','SID174'),('G175','Merlot','Muffin Mix',4,458,'2019-12-29','2021-01-24','SID175'),('G176','Mill St Organic','Muffin Mix',83,1402,'2020-08-25','2021-11-17','SID176'),('G177','Breaded','Muffin Puck Ww Carrot',34,1970,'2020-03-04','2021-01-29','SID177'),('G178','Whole','Mushroom',42,113,'2020-06-03','2021-10-14','SID178'),('G179','Dark Rye','Mushroom',19,1114,'2020-03-30','2021-10-16','SID179'),('G18','Jasmin Green','Bar Mix',80,735,'2020-06-20','2021-06-09','SID18'),('G180','Frozen','Mushroom',39,1744,'2020-10-09','2021-02-22','SID180'),('G181',' Cellophane, Thin','Napkin',4,1314,'2020-05-25','2020-12-15','SID181'),('G182','Schloss','Napkin',49,1822,'2020-07-11','2021-10-12','SID182'),('G183','Pablano','Nescafe',46,1167,'2020-07-20','2021-05-05','SID183'),('G184','Golden','Noodles',89,379,'2020-05-13','2021-08-27','SID184'),('G185','Mince Meat','Nut',25,1808,'2020-05-27','2020-12-09','SID185'),('G186','Orange','Nut',97,77,'2020-04-13','2021-10-30','SID186'),('G187','Legs','Ocean Spray',57,1498,'2020-10-07','2021-02-09','SID187'),('G188',' Foam, Square 4 ','Octopus',3,1247,'2020-04-01','2021-07-23','SID188'),('G189','Fortune','Oil',72,820,'2020-02-06','2021-10-22','SID189'),('G19','Full Lid','Basil',17,1830,'2020-02-15','2021-03-06','SID19'),('G190',' Ham, Virginia','Oil',99,214,'2020-03-02','2021-07-25','SID190'),('G191','Carrot','Oil',93,1311,'2020-01-10','2021-08-06','SID191'),('G192','Barossa Valley Estate','Olives',40,1433,'2019-12-07','2021-09-09','SID192'),('G193','Jasmine Sented','Onion Powder',50,1327,'2020-01-26','2021-08-07','SID193'),('G194',' Whole, Frozen','Onions',80,174,'2019-12-16','2021-06-15','SID194'),('G195','Goodhearth','Onions',42,1622,'2020-05-04','2021-03-01','SID195'),('G196','Angled','Oregano',75,52,'2019-12-03','2021-07-02','SID196'),('G197',' Pina Colada, 355 Ml','Oven Mitt',17,1358,'2020-03-15','2021-06-25','SID197'),('G198','Peeled','Pail',29,1161,'2020-04-28','2021-09-02','SID198'),('G199','Sweet And Salty Chocolate','Pants Custom Dry Clean',63,749,'2020-07-01','2021-07-07','SID199'),('G2','Shiraz','Allspice',86,1578,'2020-06-18','2020-12-01','SID2'),('G20',' Bernaise, ','Basil',74,1836,'2020-04-24','2021-06-15','SID20'),('G200',' Cream, Canned','Pasta',11,1004,'2020-03-13','2021-05-01','SID200'),('G201','Black','Pasta',85,382,'2020-11-19','2021-09-25','SID201'),('G202','Monin','Pasta',56,1309,'2020-02-20','2021-08-17','SID202'),('G203',' 15l White, With Handle','Pasta',19,341,'2020-09-18','2021-07-07','SID203'),('G204','Maudite','Pasta',99,21,'2019-12-10','2021-05-29','SID204'),('G205','Evian 355 Ml','Pastry',71,1450,'2020-02-21','2021-10-30','SID205'),('G206','Petit Baguette','Pastry',37,1699,'2020-02-24','2021-04-17','SID206'),('G207','Mushroom Tart','Pastry',30,942,'2020-02-06','2021-08-24','SID207'),('G208',' Cocktail,beige 2 ','Pepper',53,392,'2020-10-06','2021-07-13','SID208'),('G209','Ranch Dressing','Pepper',24,1705,'2020-10-14','2021-05-08','SID209'),('G21','Champagne','Beans',44,1548,'2020-06-20','2021-08-18','SID21'),('G210','Comte','Pepper',85,1789,'2019-12-08','2021-10-31','SID210'),('G211',' Tongue, Cooked','Pernod',62,781,'2020-01-26','2021-03-12','SID211'),('G212','Butternut','Pike',13,907,'2020-06-21','2021-09-16','SID212'),('G213','Montreal Smoked Brisket','Pineapple',81,1641,'2020-01-22','2021-04-29','SID213'),('G214','Prague Powder','Placemat',64,1162,'2020-08-30','2021-01-25','SID214'),('G215','Rum','Pop',2,1809,'2020-01-31','2021-05-09','SID215'),('G216','Striploin','Pork',16,1617,'2020-06-28','2021-03-14','SID216'),('G217','Ground','Pork',56,343,'2020-03-13','2021-06-12','SID217'),('G218','Filets','Pork',91,1379,'2019-12-23','2021-04-20','SID218'),('G219','Melba Toast','Pork',23,1908,'2020-11-07','2021-04-09','SID219'),('G22','Mix','Beans',80,78,'2019-12-03','2021-06-24','SID22'),('G220','Mexican','Pork',12,1737,'2019-12-23','2021-06-06','SID220'),('G221','Wheat Baguette','Pork Loin Cutlets',45,785,'2020-02-14','2021-05-20','SID221'),('G222','Chocolate Fudge','Potato',31,481,'2020-06-19','2021-03-15','SID222'),('G223','Bones','Potatoes',9,1996,'2020-01-18','2021-05-07','SID223'),('G224','Smoked Back Bacon','Potatoes',76,1021,'2020-06-24','2021-03-31','SID224'),('G225','Marrow','Potatoes',23,581,'2020-04-30','2021-07-03','SID225'),('G226','Cinn / Brown Sugar','Pur Source',97,61,'2019-12-17','2020-12-18','SID226'),('G227','Chafing Dish Fuel','Puree',46,1444,'2020-07-01','2021-04-25','SID227'),('G228','Blueberry','Puree',34,474,'2019-12-01','2021-08-01','SID228'),('G229','Blueberry Passion','Puree',74,1706,'2020-02-29','2021-11-07','SID229'),('G23','Black Tiger 8','Beans',76,213,'2020-09-29','2021-08-23','SID23'),('G230',' Loin, Center Cut','Quail Eggs',42,1645,'2020-10-05','2021-04-15','SID230'),('G231','Cake','Rice',10,730,'2020-06-11','2021-04-06','SID231'),('G232','Hot','Rice',70,720,'2020-09-15','2021-10-16','SID232'),('G233','Fruli','Rice Wine',50,1920,'2020-02-02','2021-09-28','SID233'),('G234','Fillet','Roe',98,558,'2020-03-26','2021-09-28','SID234'),('G235','Knorr','Salmon',40,1919,'2020-08-03','2021-10-31','SID235'),('G236','French Onion','Sauce',11,1778,'2020-10-30','2021-02-21','SID236'),('G237','Hoisin','Sauce',66,1327,'2020-01-09','2021-06-02','SID237'),('G238','Bone','Sauce',10,447,'2020-05-11','2021-01-21','SID238'),('G239','White Fish','Sauce',26,565,'2020-05-31','2021-05-26','SID239'),('G24','Padano','Beef',15,796,'2020-07-14','2021-07-26','SID24'),('G25','Paste','Beef',33,83,'2020-05-21','2021-06-01','SID25'),('G26','Cooking Spray','Beef',28,574,'2020-08-01','2021-05-05','SID26'),('G27','Clear 32 Oz','Beef',33,948,'2020-09-12','2021-05-18','SID27'),('G28','Fine Porter','Beef',91,1244,'2020-01-03','2021-02-03','SID28'),('G29','Grana','Beef',82,1586,'2020-11-12','2021-11-22','SID29'),('G3','Hardys','Appetizer',87,1693,'2020-11-10','2021-02-26','SID3'),('G30','Augre Des Champs','Beef',37,1771,'2020-10-05','2021-06-11','SID30'),('G31','43g','Beef',86,245,'2020-03-29','2021-06-23','SID31'),('G32','Striploin Aaa','Beef',84,990,'2020-03-14','2021-04-06','SID32'),('G33','Flexible Neon','Beer',72,522,'2020-08-24','2021-01-12','SID33'),('G34','Orange','Beer',93,367,'2020-05-21','2021-02-02','SID34'),('G35','Green','Beer',22,950,'2020-07-14','2021-11-10','SID35'),('G36','Aji Mirin','Beer',39,75,'2020-04-07','2021-07-24','SID36'),('G37','Sleeman','Beer',74,1856,'2020-08-19','2021-04-17','SID37'),('G38','Mini','Beer',95,1531,'2019-12-11','2021-04-09','SID38'),('G39','Redbull 355ml','Beer',21,1396,'2020-11-18','2021-07-09','SID39'),('G4','Bankside','Appetizer',63,749,'2020-08-31','2021-11-13','SID4'),('G40','Triangle White','Beets',26,152,'2020-05-16','2021-07-06','SID40'),('G41','Brie','Blackberries',79,1780,'2020-10-15','2021-02-05','SID41'),('G42','Primerba','Bread',25,1815,'2020-09-25','2020-12-14','SID42'),('G43','danish','Bread',12,75,'2020-08-14','2021-07-09','SID43'),('G44',' Shoulder, Boneless','Bread',12,1081,'2020-10-19','2021-03-05','SID44'),('G45','Chantrelle','Bread',8,1366,'2020-09-29','2021-02-09','SID45'),('G46','Backs','Bread',40,684,'2020-04-12','2021-06-03','SID46'),('G47','Decaf 1 Cup','Bread',48,930,'2020-05-10','2021-06-24','SID47'),('G48','Apricot','Bread',68,1541,'2020-05-31','2021-07-02','SID48'),('G49','Ristretto Coffee Capsule','Bread',52,446,'2020-02-03','2021-04-04','SID49'),('G5','Lg','Appetizer',81,1095,'2020-09-21','2021-08-09','SID5'),('G50','Fresh','Bread',7,1555,'2020-09-20','2021-08-25','SID50'),('G51',' Atlantic, Fresh, Whole','Broom',63,264,'2020-05-23','2021-04-06','SID51'),('G52','Cippolini','Butter',95,902,'2019-12-15','2021-10-19','SID52'),('G53',' Lasagna, Dry','Cabbage Roll',80,1127,'2020-07-04','2021-01-06','SID53'),('G54','Brie','Cake',81,998,'2020-02-08','2020-12-25','SID54'),('G55','Shell On','Calvados',23,1701,'2020-03-29','2021-10-04','SID55'),('G56','Gouda Smoked','Calypso',58,303,'2020-01-13','2021-07-10','SID56'),('G57','Slab Bacon','Calypso',54,742,'2020-04-04','2021-04-24','SID57'),('G58','Blue Curacao','Capicola',36,170,'2020-05-27','2021-07-06','SID58'),('G59','Campbells Turkey Veg.','Capon',97,1187,'2020-10-25','2021-09-09','SID59'),('G6','Lentil','Appetizer',46,1699,'2020-11-12','2021-03-12','SID6'),('G60',' Sprinkles, Assorted','Cauliflower',30,690,'2020-03-03','2021-10-08','SID60'),('G61','Antinore Orvieto','Celery Root',64,748,'2020-05-04','2020-12-29','SID61'),('G62','Rosso Del Veronese Igt','Cheese',95,1771,'2019-12-31','2021-07-27','SID62'),('G63','Frothy French Vanilla','Cheese',42,1169,'2020-05-14','2021-02-24','SID63'),('G64','Fettuccine','Cheese',17,130,'2020-09-02','2021-06-28','SID64'),('G65','Ruby Red','Cheese',50,1516,'2020-05-08','2021-02-14','SID65'),('G66','Oyster','Cheese',72,851,'2020-09-11','2021-02-11','SID66'),('G67','Sushi','Cheese',91,1805,'2020-08-29','2021-07-16','SID67'),('G68','Chocolate Marble Tea','Cheese',71,681,'2020-06-25','2021-06-02','SID68'),('G69','Spanish','Cheese',54,793,'2020-07-17','2021-04-23','SID69'),('G7','Chocolate','Apple',99,994,'2020-10-22','2021-02-22','SID7'),('G70','Chorizo','Cheese',5,714,'2020-06-07','2021-08-30','SID70'),('G71','Pancake','Cheese',41,1826,'2020-08-17','2021-05-21','SID71'),('G72','0090 Clear','Cheese',69,24,'2020-05-09','2021-01-29','SID72'),('G73','Cleaned','Cheese',39,1092,'2020-05-24','2021-08-10','SID73'),('G74','White','Cheese',56,1516,'2020-06-20','2021-10-26','SID74'),('G75','Frozen Basket Variety','Chicken',61,1686,'2020-08-30','2021-10-17','SID75'),('G76','Striploin','Chicken',24,527,'2020-02-18','2021-11-17','SID76'),('G77','Kidney White','Chips',64,788,'2020-03-05','2021-04-02','SID77'),('G78','Raisin','Chips Potato All Dressed',92,665,'2020-09-18','2021-02-01','SID78'),('G79','Tangerine','Chocolate',30,1631,'2020-02-20','2021-05-31','SID79'),('G8',' Primerba, Paste','Apples',4,1475,'2020-10-26','2021-02-15','SID8'),('G80','Breakfast','Cilantro / Coriander',81,1472,'2020-05-13','2021-03-26','SID80'),('G81','Granny Smith','Cinnamon Buns Sticky',55,711,'2020-03-30','2020-12-19','SID81'),('G82','Pineapple Passion','Cleaner',65,826,'2020-09-14','2021-03-07','SID82'),('G83','Almond','Cloves',25,1273,'2020-07-27','2021-11-20','SID83'),('G84','Vouvray Cuvee Domaine','Coconut',92,1632,'2019-11-28','2021-06-20','SID84'),('G85','Rotini','Coffee',17,452,'2020-03-12','2021-04-25','SID85'),('G86','Kimel Stick Poly','Coffee',12,183,'2020-08-05','2021-03-15','SID86'),('G87','Diet','Coffee',68,1007,'2020-11-06','2021-03-21','SID87'),('G88','Dry','Coffee',52,273,'2020-10-06','2021-04-13','SID88'),('G89','Sweet','Coffee',63,333,'2020-03-25','2021-01-17','SID89'),('G9','Fresh','Artichokes',81,332,'2020-09-04','2021-07-20','SID9'),('G90','Sweet','Compound',27,1161,'2020-10-13','2020-12-23','SID90'),('G91','Condensed','Compound',84,97,'2020-06-16','2021-07-19','SID91'),('G92','Frozen Fillet','Container',19,1788,'2020-08-06','2021-10-29','SID92'),('G93','Ravioli','Cookie',31,868,'2020-04-28','2021-07-13','SID93'),('G94','Carmenere Casillero Del','Cookie',35,1857,'2020-01-11','2021-03-12','SID94'),('G95','Jerusalem','Cookie',63,1514,'2020-06-23','2021-06-30','SID95'),('G96','Filling','Cookie Choc',32,1776,'2020-11-09','2021-06-18','SID96'),('G97','Lemon Cranberry','Cookie Chocolate Chip With',66,1436,'2020-04-13','2021-03-21','SID97'),('G98','10oz Cup 92961','Cookies',31,1658,'2020-05-09','2021-05-13','SID98'),('G99','Taleggio D.o.p.','Cookies',97,1016,'2020-03-17','2020-12-11','SID99');
/*!40000 ALTER TABLE `grocery` ENABLE KEYS */;
UNLOCK TABLES;

--
-- Table structure for table `list`
--

DROP TABLE IF EXISTS `list`;
/*!40101 SET @saved_cs_client     = @@character_set_client */;
/*!50503 SET character_set_client = utf8mb4 */;
CREATE TABLE `list` (
  `list_id` int NOT NULL,
  `customer_id` int NOT NULL,
  `date_of_making_list` date NOT NULL,
  PRIMARY KEY (`list_id`),
  KEY `customer_id` (`customer_id`),
  CONSTRAINT `list_ibfk_1` FOREIGN KEY (`customer_id`) REFERENCES `customer_information` (`customer_id`)
) ENGINE=InnoDB DEFAULT CHARSET=utf8mb4 COLLATE=utf8mb4_0900_ai_ci;
/*!40101 SET character_set_client = @saved_cs_client */;

--
-- Dumping data for table `list`
--

LOCK TABLES `list` WRITE;
/*!40000 ALTER TABLE `list` DISABLE KEYS */;
INSERT INTO `list` VALUES (2008,109,'2019-12-23'),(2015,41,'2020-09-24'),(2050,86,'2020-06-29'),(2052,143,'2020-04-30'),(2053,62,'2020-03-17'),(2055,32,'2019-11-24'),(2058,73,'2020-09-29'),(2061,61,'2020-04-17'),(2062,20,'2020-01-09'),(2065,78,'2020-06-06'),(2070,57,'2020-07-07'),(2072,39,'2020-01-17'),(2075,55,'2020-08-20'),(2092,84,'2020-06-09'),(2101,75,'2020-05-29'),(2118,11,'2019-12-03'),(2123,79,'2020-07-15'),(2139,91,'2020-03-26'),(2143,5,'2020-04-28'),(2147,30,'2020-06-13'),(2149,9,'2020-04-14'),(2165,19,'2020-06-22'),(2170,83,'2020-10-07'),(2176,147,'2019-12-22'),(2179,37,'2020-02-07'),(2187,3,'2020-02-15'),(2200,74,'2019-12-21'),(2201,140,'2020-06-13'),(2207,15,'2020-03-06'),(2215,34,'2020-06-18'),(2216,47,'2020-04-10'),(2223,56,'2020-01-18'),(2229,89,'2020-07-02'),(2247,7,'2020-06-03'),(2249,66,'2020-05-17'),(2254,31,'2020-09-14'),(2258,114,'2019-12-02'),(2261,70,'2020-10-15'),(2262,46,'2019-11-29'),(2272,45,'2020-11-14'),(2275,65,'2020-07-06'),(2284,33,'2020-11-04'),(2291,23,'2020-06-26'),(2292,44,'2020-09-12'),(2300,67,'2020-09-21'),(2303,127,'2020-10-27'),(2308,146,'2020-08-01'),(2315,68,'2020-07-20'),(2316,100,'2020-06-08'),(2322,110,'2020-06-24'),(2331,77,'2019-12-12'),(2358,121,'2020-01-30'),(2362,10,'2020-01-04'),(2371,51,'2020-09-07'),(2390,80,'2019-12-23'),(2392,148,'2020-02-11'),(2399,107,'2020-02-16'),(2402,26,'2020-07-01'),(2412,149,'2020-01-07'),(2413,112,'2019-12-26'),(2420,105,'2020-11-05'),(2425,49,'2020-05-23'),(2429,81,'2020-05-29'),(2430,24,'2020-01-26'),(2435,113,'2020-10-02'),(2441,64,'2020-04-28'),(2443,137,'2020-03-16'),(2447,18,'2020-09-18'),(2452,85,'2020-03-26'),(2461,88,'2020-09-21'),(2474,108,'2020-04-16'),(2486,40,'2020-06-24'),(2492,72,'2019-12-14'),(2503,50,'2020-04-22'),(2512,58,'2020-08-06'),(2513,54,'2020-10-22'),(2514,124,'2020-07-31'),(2517,52,'2020-03-27'),(2523,99,'2020-11-02'),(2547,134,'2019-11-24'),(2548,120,'2020-07-05'),(2563,69,'2020-10-06'),(2575,53,'2020-09-01'),(2577,36,'2020-06-12'),(2581,6,'2020-09-12'),(2583,116,'2020-05-24'),(2589,35,'2020-11-13'),(2594,142,'2020-03-10'),(2612,125,'2020-02-23'),(2613,144,'2019-12-08'),(2614,103,'2020-10-11'),(2636,48,'2019-12-19'),(2648,93,'2020-08-20'),(2651,122,'2020-09-13'),(2652,76,'2020-04-08'),(2655,82,'2020-01-21'),(2656,131,'2020-01-20'),(2659,128,'2020-07-07'),(2694,27,'2020-07-24'),(2697,115,'2020-05-25'),(2710,59,'2020-02-26'),(2712,102,'2020-05-18'),(2731,21,'2020-10-10'),(2732,29,'2020-06-06'),(2733,17,'2019-11-25'),(2738,138,'2020-01-29'),(2743,43,'2019-12-02'),(2744,14,'2020-11-13'),(2752,119,'2020-04-02'),(2754,1,'2020-04-13'),(2767,87,'2020-08-16'),(2770,97,'2020-09-19'),(2773,2,'2020-03-30'),(2786,133,'2020-06-06'),(2789,101,'2020-08-31'),(2795,90,'2020-10-05'),(2801,94,'2020-01-22'),(2805,60,'2020-10-21'),(2812,4,'2020-04-14'),(2817,63,'2019-12-22'),(2824,150,'2020-04-01'),(2831,13,'2020-02-11'),(2866,117,'2020-07-01'),(2870,141,'2020-04-26'),(2873,139,'2020-02-06'),(2874,106,'2020-06-15'),(2891,129,'2020-01-03'),(2895,96,'2020-04-15'),(2906,42,'2020-09-14'),(2919,12,'2020-10-17'),(2935,16,'2020-01-19'),(2937,25,'2020-06-17'),(2940,111,'2020-06-13'),(2947,126,'2020-01-09'),(2962,28,'2020-06-30'),(2987,8,'2020-02-23'),(2990,38,'2020-08-25'),(2996,95,'2020-03-29');
/*!40000 ALTER TABLE `list` ENABLE KEYS */;
UNLOCK TABLES;

--
-- Table structure for table `medical_info`
--

DROP TABLE IF EXISTS `medical_info`;
/*!40101 SET @saved_cs_client     = @@character_set_client */;
/*!50503 SET character_set_client = utf8mb4 */;
CREATE TABLE `medical_info` (
  `patient_id` int NOT NULL,
  `mediclaim_number` bigint NOT NULL,
  `doctor_id` int NOT NULL,
  `doctor_name` varchar(50) NOT NULL,
  `doze_prescribed` varchar(100) NOT NULL,
  `m_id` varchar(50) NOT NULL,
  PRIMARY KEY (`patient_id`),
  KEY `m_id` (`m_id`),
  CONSTRAINT `medical_info_ibfk_1` FOREIGN KEY (`m_id`) REFERENCES `medicines` (`m_id`)
) ENGINE=InnoDB DEFAULT CHARSET=utf8mb4 COLLATE=utf8mb4_0900_ai_ci;
/*!40101 SET character_set_client = @saved_cs_client */;

--
-- Dumping data for table `medical_info`
--

LOCK TABLES `medical_info` WRITE;
/*!40000 ALTER TABLE `medical_info` DISABLE KEYS */;
INSERT INTO `medical_info` VALUES (1,10710,12117,'Lewes Stollmeyer','Fentanyl','M1'),(2,10141,12776,'Norton Truman','OXYBENZONE','M2'),(3,10350,12851,'Cchaddie Brisland','bacitracin zinc','M3'),(4,10793,12159,'Farrand Floch','Avobenzone','M4'),(5,10352,12795,'Giffie Cowden','INFLUENZA A VIRUS','M5'),(6,10194,12012,'Bette Chanter','Aluminum Sesquichlorohydrate','M6'),(7,10806,12533,'Doyle Andrusyak','ropinirole','M7'),(8,10413,12034,'Jorie Francesco','clonidine hydrochloride','M8'),(9,10928,12619,'Leta Fielders','Ibuprofen','M9'),(10,10021,12930,'Karlis Primmer','Acetaminophen','M10'),(11,10099,12769,'Vittorio Reckus','Pike','M11'),(12,10359,12051,'Haze Troker','Fluconazole','M12'),(13,10864,12633,'Adrian Worsom','Zinc Oxide','M13'),(14,10912,12948,'Sibeal Unsworth','AVOBENZONE and OCTINOXATE','M14'),(15,10714,12214,'Dehlia Ladyman','amlodipine besylate and atorvastatin calcium','M15'),(16,10554,12978,'Adelice Huster','Cetirizine','M16'),(17,10490,12404,'Ingram Churly','Misoprostol','M17'),(18,10287,12579,'Gil Phipps','Psyllium','M18'),(19,10777,12069,'Rebe Kinrade','letrozole','M19'),(20,10435,12057,'Chad Alman','rivastigmine','M20'),(21,10071,12672,'Ethelin Wardley','Oxymetazoline HCl','M21'),(22,10832,12459,'Barr Di Iorio','Bumetanide','M22'),(23,10086,12630,'Clemmy Souza','ciprofloxacin','M23'),(24,10246,12691,'Chrysa Sweeney','LIDOCAINE HYDROCHLORIDE','M24'),(25,10271,12248,'Allie Werny','Ropinirole Hydrochloride','M25'),(26,10268,12945,'Ruthy Lupson','Terbinafine Hydrochloride','M26'),(27,10761,12980,'Dene Proughten','Hydrocortisone','M27'),(28,10035,12151,'Amata Tripon','metronidazole','M28'),(29,10358,12844,'Ailsun Regnard','Saline','M29'),(30,10246,12486,'Tad Patria','Loratadine and Pseudoephedrine Sulfate','M30'),(31,10915,12680,'Marissa Quinet','Dextroamphetamine Sulfate','M31'),(32,10404,12400,'Ulrick Baurerich','HYDROGEN PEROXIDE','M32'),(33,10747,12714,'Pierre Flores','sertraline','M33'),(35,10963,12251,'Bran Balleine','Alfalfa','M35'),(36,10969,12448,'Liam MacCurtain','Digoxin','M36'),(37,10522,12275,'Sonnnie Earney','Pramipexole Dihydrochloride','M37'),(38,10075,12430,'Averil MacFadzean','Octinoxate','M38'),(39,10340,12638,'Wendell Sedgemore','Cattle Hair','M39'),(40,10846,12863,'Bren Birley','METOPROLOL TARTRATE','M40'),(41,10441,12847,'Grace O\'Gleasane','OCTINOXATE','M41'),(42,10593,12250,'Birch Merriott','Acetaminophen','M42'),(43,10588,12555,'Elvira Lavin','Eupatorium comp.','M43'),(44,10310,12449,'Cammi Snowball','Garlic','M44'),(45,10415,12893,'Angela Ilyas','Oak Mix','M45'),(46,10430,12426,'Zeb Hancell','OCTINOXATE','M46'),(47,10063,12988,'Lamond Mosson','Avobenzone','M47'),(48,10400,12409,'Falito Cathesyed','Bufo ranaa','M48'),(49,10745,12885,'Carlie Klulicek','AVOBENZONE','M49'),(50,10112,12021,'Abie Ales0','Robitussin Cough Long Acting','M50'),(51,10288,12161,'Taryn Bartke','Standardized Perennial Rye Grass Pollen','M51'),(52,10826,12382,'Bryn Jullian','loperamide HCl','M52'),(53,10556,12388,'Arny Lusgdin','Air','M53'),(54,10420,12296,'Ozzie Beenham','moxifloxacin hydrochloride','M54'),(55,10449,12857,'Luisa Proffer','Senna and Docusate Sodium','M55'),(56,10114,12142,'Nikolai Lowde','Dimenhydrinate','M56'),(57,10197,12601,'Aloin Powton','Warfarin Sodium','M57'),(58,10846,12617,'Delia Bullene','Fluoxetine','M58'),(59,10308,12420,'Vaughan Gotfrey','pravastatin sodium','M59'),(60,10662,12253,'Ogdan Brownsey','allopurinol','M60'),(61,10246,12035,'Carline Blincow','levothyroxine sodium','M61'),(62,10887,12787,'Farrel Schinetti','Allantoin','M62'),(63,10470,12588,'Roarke Walsh','Clotrimazole','M63'),(64,10766,12933,'Cosmo Rowsel','Hydrocodone Bitartrate And Acetaminophen','M64'),(65,10072,12173,'Audry Kenen','ATORVASTATIN CALCIUM','M65'),(66,10450,12117,'Benedicta Geraud','Acetaminophen','M66'),(67,10567,12199,'Siusan Skelhorne','Lidocaine Hydrochloride and Epinephrine Bitartrate','M67'),(68,10069,12149,'Rustie Dubois','MORPHINE SULFATE','M68'),(69,10311,12988,'Connie Mingotti','cinnamon','M69'),(70,10068,12162,'Fionna Janus','Dimenhydrinate','M70'),(71,10612,12730,'Carol-jean Mollnar','Viburnum opulus','M71'),(72,10091,12140,'Jessalin Bysshe','Anti-Inhibitor Coagulant Complex','M72'),(73,10442,12999,'Jennee Rigby','ALCOHOL','M73'),(75,10987,12545,'Ailbert MacCall','Methimazole','M75'),(76,10009,12235,'Elisha La Wille','OCTINOXATE','M76'),(77,10730,12386,'Tammi Powley','ACETAMINOPHEN','M77'),(78,10692,12940,'Felicio Lohmeyer','Organoplex Special Order','M78'),(79,10783,12440,'Alexandra Botte','cochliobolus spicifer','M79'),(81,10979,12781,'Hermon Huetson','Sodium monofluorophosphate','M81'),(82,10566,12053,'Britt Lorraway','Pseudoephedrine Hydrochloride','M82'),(83,10997,12203,'Bruis Galway','Diazepam','M83'),(84,10229,12711,'Reginald Celli','mometasone furoate','M84'),(85,10811,12258,'Barbabra Fryers','PredniSONE','M85'),(86,10597,12526,'Mathe Karppi','OCTINOXATE and TITANIUM DIOXIDE','M86'),(87,10345,12878,'Ignaz Frampton','calcium carbonate','M87'),(88,10379,12284,'Keenan Riddle','Oxygen','M88'),(89,10505,12471,'Sandy Poller','plantago lanceolata pollen','M89'),(90,10492,12175,'Tammara Colliber','acetic acid','M90'),(91,10011,12927,'Joelie Larvent','Ciprofloxacin hydrochloride','M91'),(92,10801,12710,'Rozamond Cuppitt','Acetaminophen','M92'),(93,10226,12942,'Shawn Edington','dolutegravir sodium','M93'),(94,10610,12944,'Clarette Vischi','hydrocortisone butyrate','M94'),(95,10674,12076,'Rani Drage','Oak Mix','M95'),(96,10083,12563,'Emmalyn Wilkenson','Glycerin','M96'),(97,10915,12012,'Willy Tabb','Acetaminophen','M97'),(98,10412,12284,'Arny Chern','Tobramycin','M98'),(99,10446,12037,'Andie Becom','bupropion hydrochloride','M99'),(100,10661,12318,'Noelle Bavister','treprostinil','M100'),(101,10949,12393,'Hallsy Grimley','Avobenzone','M101'),(102,10640,12252,'Maureen Winpenny','SODIUM MONOFLUOROPHOSPHATE','M102'),(103,10050,12264,'Madelina Hryncewicz','Lamotrigine','M103'),(104,10601,12380,'Merwin Grioli','halobetasol propionate','M104'),(105,10175,12420,'Ingra Parysiak','OCTINOXATE and TITANIUM DIOXIDE','M105'),(106,10556,12250,'Annmaria Churly','Ibuprofen','M106'),(107,10572,12747,'Brandea Flieger','dimethicone','M107'),(108,10387,12982,'Ollie Fattorini','Dextrose (glucose)','M108'),(109,10017,12269,'Cathy Patient','LISINOPRIL','M109'),(110,10394,12435,'Giuditta Woodley','cocoa butter','M110'),(111,10232,12139,'Ellswerth Gray','OXYBENZONE','M111'),(112,10615,12683,'Meggi Sabbins','Simethicone','M112'),(113,10606,12122,'Fawnia Cordero','Amitriptyline Hydrochloride','M113'),(114,10909,12719,'Travers Pitcaithly','Guaifenesin','M114'),(116,10049,12084,'Retha Ong','Darkleaves Mugwort','M116'),(117,10273,12088,'Carlie Sharville','OCTINOXATE 7.5','M117'),(118,10687,12175,'Karmen Glanvill','Ear Wax Removal Complete Kit','M118'),(119,10947,12587,'Anneliese Gibson','Terbinafine Hydrochloride','M119'),(120,10144,12292,'Domini Bearn','OCTINOXATE','M120'),(121,10875,12969,'Leann Capin','Lamotrigine','M121'),(122,10669,12278,'Alli Gaspero','benazepril hydrochloride and hydrochlorothiazide','M122'),(123,10745,12521,'Leon Montfort','butalbital and acetaminophen','M123'),(124,10969,12609,'Hilary Rugg','gentamicin sulfate','M124'),(125,10939,12137,'Lorne Petty','Triclosan','M125'),(126,10207,12469,'Darb Morrowe','Doxycycline','M126'),(127,10278,12618,'Tierney Rollings','Menthol','M127'),(128,10181,12986,'Sylvan Pendrick','diltiazem hydrochloride','M128'),(129,10055,12726,'Benn Phinn','Metoclopramide Hydrochloride','M129'),(130,10765,12902,'Franni Wathey','Promethazine Hydrochloride','M130'),(131,10117,12822,'Donelle Acland','thiothixene','M131'),(132,10828,12583,'Caralie Parrot','COAL TAR','M132'),(133,10655,12506,'Elliot Daventry','ZOLPIDEM TARTRATE','M133'),(135,10519,12140,'Dena Langrish','Pancreas Equisetum','M135'),(136,10690,12298,'Ninetta Rogger','Carvedilol','M136'),(137,10764,12928,'Reinhold Overil','TITANIUM DIOXIDE','M137'),(138,10259,12864,'Louisette Rossetti','sulfamethoxazole and trimethoprim','M138'),(139,10893,12429,'Angeli Maleham','Lamotrigine','M139'),(140,10713,12677,'Gabriella Serfati','AETHUSA CYNAPIUM','M140'),(141,10070,12880,'Sigismond Lipyeat','Ethyl alcohol','M141'),(142,10774,12047,'Fallon Hamor','BENZALKONIUM CHLORIDE','M142'),(143,10999,12118,'Blisse Faye','Losartan Potassium','M143'),(144,10015,12369,'Pincus Pirozzi','Mineral oil and white petrolatum','M144'),(145,10457,12358,'Garret Canti','Benzalkonium Chloride','M145'),(146,10212,12444,'Reinold Karadzas','perphenazine','M146'),(147,10861,12644,'Ryun Franceschino','Menthol','M147'),(148,10715,12909,'Burr Dockery','Atenolol','M148'),(149,10023,12796,'Kiri Ballin','Pravastatin sodium','M149'),(150,10269,12721,'Constancia Compson','ALUMINUM ZIRCONIUM TETRACHLOROHYDREX GLY','M150'),(151,10080,12725,'Hettie Cullip','docusate sodium','M151'),(152,10371,12271,'Clotilda Skipping','Captopril','M152'),(153,10951,12633,'Carmelita Dieton','Menthol','M153'),(154,10242,12852,'Seana Chavrin','AVOBENZONE','M154'),(155,10268,12180,'Boothe Matheson','Candesartan cilexetil','M155'),(156,10624,12926,'Dame Rubica','DOCUSATE SODIUM','M156'),(157,10959,12290,'Jelene De Ambrosi','Salicylic Acid','M157'),(158,10537,12715,'Sherline Beckhouse','Ceanothus Americanus','M158'),(159,10538,12686,'Guillaume Chimienti','ARNICA MONTANA','M159'),(160,10890,12029,'Filide Madgin','Clotrimazole','M160'),(161,10474,12410,'Elsie O\'Loinn','Hydrocodone Bitartrate And Acetaminophen','M161'),(163,10225,12276,'Nil Franzettoini','docusate sodium and sennosides','M163'),(164,10677,12088,'Kirby Heball','HAMAMELIS VIRGINIANA','M164'),(165,10988,12726,'Brana Noteyoung','Intestaforce','M165'),(166,10600,12159,'Ilysa Chasteney','Octinoxate','M166'),(167,10519,12299,'Steffen Whiff','NIACIN','M167'),(168,10266,12331,'Dani Geist','Treatment Set TS350534','M168'),(169,10237,12545,'Wylie Kingsworth','Loratadine','M169'),(170,10461,12626,'Bonnee Mongin','Clematis Recta Flowering Top','M170'),(171,10784,12623,'Larissa Glenn','Lamivudine and Zidovudine','M171'),(172,10547,12670,'Lulu Rance','PROMETHAZINE HYDROCHLORIDE','M172'),(173,10332,12346,'Kirsti Beamond','levothyroxine sodium','M173'),(174,10152,12523,'Tresa Pavese','Phendimetrazine Tartrate','M174'),(175,10425,12600,'Dulcine Lavalle','Berberis Vulgarisrum','M175'),(176,10867,12516,'Ignaz Rumford','Isopropyl Alcohol','M176'),(177,10698,12248,'Jeni Novotni','One Step Wart Remover Strips','M177'),(178,10833,12444,'Roseanne Humbey','TRICLOSAN','M178'),(179,10830,12481,'Justus Reedie','Methimazole','M179'),(180,10572,12090,'Dore Antalffy','BORIC ACID','M180'),(181,10303,12009,'Babara Lapping','Elm, American Ulmus americana','M181'),(182,10284,12631,'Ezra Gobert','Clemastine fumarate','M182'),(184,10149,12173,'Sara-ann Eggerton','avobenzone','M184'),(185,10313,12198,'Oliviero Tyre','RANITIDINE HYDROCHLORIDE','M185'),(186,10338,12849,'Lory Boller','norgestimate and ethinyl estradiol','M186'),(187,10515,12436,'Simonette Hylton','AVOBENZONE','M187'),(188,10824,12106,'Bathsheba Beszant','Acetaminophen','M188'),(189,10689,12731,'Gardy Soall','doxazosin mesylate','M189'),(190,10542,12078,'Feodor Sautter','Docusate Sodium','M190'),(191,10356,12910,'Chiquia Timmermann','Dextromethorphan Hydrobromide','M191'),(193,10729,12208,'Nikoletta McPhelimy','Mustard Seed','M193'),(194,10372,12154,'Archibold Fulham','Guaifenesin','M194'),(195,10994,12538,'Fidelity Twinning','Ferrum Quartz Headache Relief','M195'),(196,10446,12503,'Trefor Halpine','carbidopa and levodopa','M196'),(197,10989,12429,'Perry Fawkes','Indomethacin','M197'),(198,10690,12392,'Josephine Pendlebery','MINERAL OIL','M198'),(199,10658,12303,'Udall Mableson','Ethambutol Hydrochloride','M199'),(200,10274,12534,'Deborah Tattersdill','Gemfibrozil','M200');
/*!40000 ALTER TABLE `medical_info` ENABLE KEYS */;
UNLOCK TABLES;

--
-- Table structure for table `medical_log`
--

DROP TABLE IF EXISTS `medical_log`;
/*!40101 SET @saved_cs_client     = @@character_set_client */;
/*!50503 SET character_set_client = utf8mb4 */;
CREATE TABLE `medical_log` (
  `customer_id` int NOT NULL,
  `time` time NOT NULL,
  `date_of_shopping` date NOT NULL,
  `patient_id` int NOT NULL,
  PRIMARY KEY (`customer_id`,`time`,`date_of_shopping`),
  KEY `patient_id` (`patient_id`),
  CONSTRAINT `medical_log_ibfk_1` FOREIGN KEY (`customer_id`) REFERENCES `customer_information` (`customer_id`),
  CONSTRAINT `medical_log_ibfk_2` FOREIGN KEY (`patient_id`) REFERENCES `medical_info` (`patient_id`)
) ENGINE=InnoDB DEFAULT CHARSET=utf8mb4 COLLATE=utf8mb4_0900_ai_ci;
/*!40101 SET character_set_client = @saved_cs_client */;

--
-- Dumping data for table `medical_log`
--

LOCK TABLES `medical_log` WRITE;
/*!40000 ALTER TABLE `medical_log` DISABLE KEYS */;
INSERT INTO `medical_log` VALUES (1,'18:24:00','2019-04-20',1),(2,'10:15:00','2019-12-29',2),(3,'20:52:00','2020-08-09',3),(4,'22:43:00','2020-06-24',4),(5,'05:39:00','2019-12-28',5),(6,'16:25:00','2020-09-06',6),(7,'03:48:00','2019-05-24',7),(8,'10:16:00','2018-11-29',8),(9,'22:55:00','2020-05-12',9),(10,'22:49:00','2020-05-01',10),(11,'07:51:00','2020-05-01',11),(12,'17:45:00','2019-05-29',12),(13,'19:22:00','2019-09-09',13),(14,'16:59:00','2018-12-29',14),(15,'13:10:00','2019-01-18',15),(16,'11:07:00','2020-05-01',16),(17,'02:53:00','2020-10-25',17),(18,'12:49:00','2020-07-21',18),(19,'01:49:00','2020-07-27',19),(20,'07:09:00','2019-02-08',20),(21,'18:05:00','2018-11-30',21),(22,'08:57:00','2019-12-14',22),(23,'14:36:00','2019-07-03',23),(24,'00:36:00','2019-01-05',24),(25,'16:58:00','2019-12-11',25),(26,'16:42:00','2020-02-15',26),(27,'12:29:00','2018-11-26',27),(28,'05:54:00','2020-07-01',28),(29,'16:15:00','2020-03-18',29),(30,'09:16:00','2020-04-24',30),(31,'19:31:00','2020-07-11',31),(32,'18:58:00','2019-06-07',32),(33,'20:12:00','2018-10-25',33),(35,'05:30:00','2020-03-24',35),(36,'21:11:00','2019-01-10',36),(37,'09:46:00','2020-09-02',37),(38,'22:23:00','2019-11-29',38),(39,'22:59:00','2019-01-22',39),(40,'22:44:00','2019-01-01',40),(41,'09:51:00','2018-11-19',41),(42,'02:33:00','2020-03-23',42),(43,'16:43:00','2020-08-30',43),(44,'16:18:00','2020-08-12',44),(45,'06:37:00','2020-03-20',45),(46,'05:21:00','2019-08-27',46),(47,'03:06:00','2020-07-30',47),(48,'04:24:00','2019-05-07',48),(49,'11:23:00','2018-11-09',49),(50,'13:08:00','2019-05-02',50),(51,'12:32:00','2020-01-04',51),(52,'07:17:00','2020-04-30',52),(53,'04:53:00','2020-01-03',53),(54,'01:15:00','2019-02-19',54),(55,'04:49:00','2018-10-22',55),(56,'12:23:00','2019-12-16',56),(57,'22:48:00','2018-12-12',57),(58,'01:49:00','2019-08-15',58),(59,'03:19:00','2019-05-05',59),(60,'17:52:00','2020-06-02',60),(61,'18:10:00','2020-06-03',61),(62,'04:37:00','2019-12-11',62),(63,'22:54:00','2019-05-25',63),(64,'23:15:00','2019-08-05',64),(65,'14:42:00','2018-09-21',65),(66,'00:08:00','2020-09-15',66),(67,'18:25:00','2019-10-08',67),(68,'02:16:00','2018-10-14',68),(69,'05:53:00','2020-03-25',69),(70,'08:20:00','2019-05-31',70),(71,'22:22:00','2019-02-02',71),(72,'23:40:00','2020-02-10',72),(73,'21:13:00','2019-08-25',73),(75,'10:45:00','2019-07-06',75),(76,'07:36:00','2018-09-02',76),(77,'20:47:00','2019-03-09',77),(78,'15:43:00','2019-04-08',78),(79,'04:53:00','2019-02-24',79),(81,'20:05:00','2020-10-22',81),(82,'17:52:00','2020-06-13',82),(83,'23:06:00','2019-02-04',83),(84,'21:29:00','2019-08-17',84),(85,'18:47:00','2019-07-29',85),(86,'21:42:00','2018-08-24',86),(87,'20:02:00','2018-10-05',87),(88,'22:08:00','2020-10-19',88),(89,'10:23:00','2018-12-21',89),(90,'00:59:00','2020-05-25',90),(91,'01:12:00','2019-03-11',91),(92,'01:41:00','2018-12-06',92),(93,'23:45:00','2019-05-28',93),(94,'01:06:00','2018-09-05',94),(95,'06:05:00','2019-11-19',95),(96,'21:08:00','2020-05-06',96),(97,'19:38:00','2020-10-23',97),(98,'15:43:00','2020-07-15',98),(99,'12:23:00','2019-09-03',99),(100,'00:53:00','2020-06-07',100),(101,'10:32:00','2018-11-15',101),(102,'00:06:00','2019-09-22',102),(103,'17:57:00','2019-12-22',103),(104,'04:11:00','2019-11-27',104),(105,'12:29:00','2020-02-24',105),(106,'00:44:00','2019-07-16',106),(107,'11:26:00','2018-12-30',107),(108,'06:18:00','2020-10-07',108),(109,'02:36:00','2018-11-05',109),(110,'08:02:00','2018-10-28',110),(111,'12:33:00','2019-08-15',111),(112,'20:50:00','2018-10-18',112),(113,'19:11:00','2018-09-29',113),(114,'22:14:00','2020-08-10',114),(116,'17:52:00','2020-08-10',116),(117,'06:53:00','2019-09-17',117),(118,'03:14:00','2019-03-10',118),(119,'05:58:00','2019-08-20',119),(120,'19:36:00','2020-09-07',120),(121,'04:46:00','2019-12-21',121),(122,'02:50:00','2018-11-27',122),(123,'18:58:00','2020-02-13',123),(124,'15:39:00','2020-03-31',124),(125,'05:03:00','2018-12-29',125),(126,'06:46:00','2018-09-11',126),(127,'08:23:00','2020-04-09',127),(128,'06:34:00','2018-11-22',128),(129,'12:31:00','2020-01-06',129),(130,'03:53:00','2019-09-11',130),(131,'15:44:00','2019-11-19',131),(132,'23:10:00','2019-10-25',132),(133,'09:34:00','2020-04-07',133),(135,'10:44:00','2020-10-26',135),(136,'12:33:00','2019-01-31',136),(137,'21:11:00','2020-09-29',137),(138,'15:15:00','2019-10-30',138),(139,'06:34:00','2020-02-06',139),(140,'16:34:00','2019-07-11',140),(141,'12:28:00','2018-09-07',141),(142,'06:40:00','2019-08-21',142),(143,'18:42:00','2020-08-18',143),(144,'13:20:00','2018-12-04',144),(145,'00:08:00','2019-03-17',145),(146,'05:29:00','2020-09-08',146),(147,'20:15:00','2020-02-09',147),(148,'18:14:00','2019-05-12',148),(149,'13:32:00','2019-10-21',149),(150,'17:54:00','2019-10-08',150);
/*!40000 ALTER TABLE `medical_log` ENABLE KEYS */;
UNLOCK TABLES;

--
-- Table structure for table `medicines`
--

DROP TABLE IF EXISTS `medicines`;
/*!40101 SET @saved_cs_client     = @@character_set_client */;
/*!50503 SET character_set_client = utf8mb4 */;
CREATE TABLE `medicines` (
  `m_id` varchar(50) NOT NULL,
  `item_name` varchar(50) DEFAULT NULL,
  `item_category` varchar(50) DEFAULT NULL,
  `item_quantity` int DEFAULT NULL,
  `item_wcost` float DEFAULT NULL,
  `item_restock_date` date NOT NULL,
  `next_restock_date` date DEFAULT NULL,
  `s_id` varchar(50) NOT NULL,
  PRIMARY KEY (`m_id`),
  KEY `s_id` (`s_id`),
  CONSTRAINT `medicines_ibfk_1` FOREIGN KEY (`s_id`) REFERENCES `seller` (`s_id`)
) ENGINE=InnoDB DEFAULT CHARSET=utf8mb4 COLLATE=utf8mb4_0900_ai_ci;
/*!40101 SET character_set_client = @saved_cs_client */;

--
-- Dumping data for table `medicines`
--

LOCK TABLES `medicines` WRITE;
/*!40000 ALTER TABLE `medicines` DISABLE KEYS */;
INSERT INTO `medicines` VALUES ('M1','Chelidonium Curcuma','pain killer',7,506.9,'2020-05-10','2021-08-24','SID1'),('M10','OxyContin','tranqueliser',147,816.8,'2020-02-26','2021-09-12','SID10'),('M100','NIACIN','histamines',255,505.3,'2020-07-17','2021-09-10','SID100'),('M101','Flutone','pain killer',303,573.5,'2020-02-20','2021-04-17','SID101'),('M102','WellPatch Backache Pain Relief','histamines',112,528.9,'2020-02-28','2020-11-30','SID102'),('M103','SunZone Family SPF 45','paracetamol',344,892.9,'2020-05-17','2021-03-22','SID103'),('M104','Lac Hydrin','cough syrup',152,342.6,'2020-07-29','2021-05-14','SID104'),('M105','Carisoprodol','cough syrup',497,84.3,'2020-10-14','2021-11-18','SID105'),('M106','Senna Plus','paracetamol',208,968.4,'2019-12-09','2021-05-26','SID106'),('M107','Gabapentin','histamines',367,340.6,'2020-09-22','2021-02-01','SID107'),('M108','Publix','cough syrup',357,973.7,'2019-12-16','2021-10-10','SID108'),('M109','ANTI BACTERIAL HAND SANITIZER','histamines',29,690.6,'2019-12-13','2021-06-05','SID109'),('M11','Lyrica','analgesics',149,649.3,'2020-11-06','2021-09-13','SID11'),('M110','Clopidogrel bisulfate','tranqueliser',278,514,'2020-08-10','2021-01-20','SID110'),('M111','TOPROL','cough syrup',486,607.4,'2019-12-27','2021-09-24','SID111'),('M112','Molds, Rusts and Smuts, Pullularia pullulans','pain killer',137,668.1,'2020-01-16','2021-07-30','SID112'),('M113','Plexion','cough syrup',129,389.5,'2020-05-31','2021-03-31','SID113'),('M114','Mentholatum Nighttime Vaporizing Rub','histamines',221,327.2,'2020-10-22','2021-05-14','SID114'),('M116','Glipizide','tranqueliser',7,207.2,'2020-04-17','2021-03-01','SID116'),('M117','Ropinirole Hydrochloride','paracetamol',217,348.3,'2020-07-23','2021-11-21','SID117'),('M118','RISPERDAL','tranqueliser',211,325.9,'2020-01-21','2021-02-24','SID118'),('M119','Original Antiseptic','pain killer',7,761.8,'2020-04-21','2021-10-12','SID119'),('M12','Arthritis Hot','cough syrup',76,188.1,'2020-04-19','2021-09-26','SID12'),('M120','E-zen Gargle','pain killer',25,446.8,'2020-01-03','2021-04-09','SID120'),('M121','Methadone Hydrochloride','pain killer',52,97,'2020-11-09','2021-10-16','SID121'),('M122','Levothyroxine sodium','cough syrup',30,771.5,'2020-09-15','2021-03-24','SID122'),('M123','Hydrocodone Bitartrate And Acetaminophen','histamines',480,724.7,'2020-06-06','2021-07-24','SID123'),('M124','Hydrogen Peroxide','histamines',181,804.4,'2019-12-24','2021-10-13','SID124'),('M125','LEVOFLOXACIN','pain killer',88,806.6,'2020-10-22','2021-07-20','SID125'),('M126','SNAIL THERAPY PACT','paracetamol',416,893.2,'2020-07-26','2021-07-05','SID126'),('M127','Headache Complex','tranqueliser',2,629.6,'2020-05-30','2021-04-19','SID127'),('M128','Multi-Symptom Cold Relief','paracetamol',181,369,'2020-01-07','2021-08-17','SID128'),('M129','Childrens Allergy Relief','cough syrup',449,637.3,'2020-06-04','2021-05-23','SID129'),('M13','Sore Throat','tranqueliser',65,900,'2020-07-21','2020-12-26','SID13'),('M130','LITTLE ONES','pain killer',365,743.5,'2019-12-22','2021-09-22','SID130'),('M131','Anti Monkey Butt Diaper Rash','cough syrup',140,902,'2020-01-28','2021-02-25','SID131'),('M132','SKIN MEDICA Purifying Foaming Wash','pain killer',238,968.2,'2020-09-22','2021-03-06','SID132'),('M133','SuperSmile Professional','histamines',423,293.6,'2020-09-21','2021-01-07','SID133'),('M135','DigiSan E Foam Hand Sanitizer','histamines',233,223.5,'2020-10-02','2021-04-07','SID135'),('M136','Plaquenil','tranqueliser',204,583.4,'2020-10-10','2021-06-20','SID136'),('M137','Propranolol Hydrochloride','histamines',282,30.2,'2020-10-14','2021-10-02','SID137'),('M138','severe cold and flu relief','pain killer',86,780.6,'2020-09-29','2021-06-10','SID138'),('M139','PAMELOR','cough syrup',499,113.6,'2020-08-26','2021-04-05','SID139'),('M14','Treatment Set TS331413','pain killer',212,293.8,'2020-08-06','2021-11-01','SID14'),('M140','ARC FIRST AID Contains 303 PIECES','analgesics',88,327.6,'2020-06-28','2020-12-16','SID140'),('M141','TEPADINA','analgesics',11,632,'2020-06-26','2021-07-01','SID141'),('M142','Waterless Anti-Bacterial Hand Cleanser','analgesics',488,311.5,'2020-06-25','2021-01-14','SID142'),('M143','Spooky Pumpkin Antibacterial Hand Moisturizer','pain killer',382,520.7,'2020-03-26','2021-01-19','SID143'),('M144','Walgreens Maximum Strength Sensitive Fluoride','analgesics',91,295,'2020-10-02','2021-11-01','SID144'),('M145','Gabapentin','tranqueliser',119,35.2,'2020-05-20','2021-05-04','SID145'),('M146','Helium','cough syrup',160,946.9,'2020-10-12','2021-09-20','SID146'),('M147','Yes To Cucumbers Natural Sunscreen SPF 30','paracetamol',208,685.1,'2020-10-05','2021-08-29','SID147'),('M148','Amoxicillin','cough syrup',0,227.7,'2020-06-03','2020-12-20','SID148'),('M149','Green Guard Stomach Relief','histamines',66,33.8,'2020-02-18','2021-06-20','SID149'),('M15','benzonatate','tranqueliser',391,286.6,'2020-05-24','2021-01-07','SID15'),('M150','Helium-Oxygen-Nitrogen Mixture','pain killer',155,838.2,'2020-04-27','2021-08-04','SID150'),('M151','Sinus Soothe','pain killer',41,955.3,'2020-05-05','2021-04-30','SID151'),('M152','Droperidol','pain killer',406,131.2,'2020-03-12','2021-01-21','SID152'),('M153','Levofloxacin','cough syrup',110,284.5,'2020-09-16','2021-04-23','SID153'),('M154','Flounder','cough syrup',125,994.9,'2020-02-11','2021-02-27','SID154'),('M155','Zolpidem Tartrate','histamines',250,194.8,'2020-06-22','2021-04-02','SID155'),('M156','AGELESS Total Skin Bleaching Serum','cough syrup',117,459.3,'2020-05-31','2021-10-16','SID156'),('M157','Witch Hazel','tranqueliser',110,126.4,'2020-07-13','2020-12-01','SID157'),('M158','Extra Strength Pain Relief','paracetamol',460,366.9,'2020-07-31','2021-05-22','SID158'),('M159','Levetiracetam','analgesics',164,152.3,'2020-10-19','2021-08-18','SID159'),('M16','Mucinex Sinus-Max','histamines',54,415.1,'2020-09-14','2021-06-21','SID16'),('M160','Albuterol Sulfate','histamines',80,557.4,'2020-10-19','2021-02-23','SID160'),('M161','Poverty Weed','analgesics',112,414.5,'2020-06-14','2021-04-17','SID161'),('M163','Treatment Set TS339992','histamines',374,474.2,'2020-11-08','2021-11-09','SID163'),('M164','POA ANNUA POLLEN','paracetamol',128,628.7,'2019-12-23','2021-11-04','SID164'),('M165','Croc Bloc Broad Spectrum SPF 30 FPS Ecran Solaire','histamines',460,224,'2020-07-02','2021-07-03','SID165'),('M166','risperidone','cough syrup',127,611.5,'2020-01-11','2021-01-18','SID166'),('M167','LOVASTATIN','paracetamol',279,430.5,'2020-05-05','2021-06-05','SID167'),('M168','Reguloid','pain killer',153,484.2,'2020-08-14','2021-07-13','SID168'),('M169','Spironolactone','cough syrup',128,569.9,'2020-08-15','2020-12-14','SID169'),('M17','Chamomilla Belladonna Special Order','pain killer',419,944.9,'2020-08-07','2021-01-24','SID17'),('M170','Sensible','tranqueliser',84,845.2,'2020-09-10','2021-10-21','SID170'),('M171','Hydrocodone Bitartrate And Acetaminophen','analgesics',172,39.4,'2020-08-10','2021-01-17','SID171'),('M172','Pleo Cup','analgesics',331,37.2,'2020-05-19','2021-09-06','SID172'),('M173','Hydrochlorothiazide','tranqueliser',250,921.8,'2020-05-14','2020-12-02','SID173'),('M174','Edluar','pain killer',165,658.6,'2020-09-09','2021-03-12','SID174'),('M175','Alprazolam','cough syrup',490,843.4,'2019-12-29','2021-01-24','SID175'),('M176','LEVETIRACETAM','paracetamol',33,97.4,'2020-08-25','2021-11-17','SID176'),('M177','Dicyclomine Hydrochloride','paracetamol',60,795.3,'2020-03-04','2021-01-29','SID177'),('M178','Hand Sanitizer','histamines',299,215.1,'2020-06-03','2021-10-14','SID178'),('M179','Oxygen','paracetamol',195,107.2,'2020-03-30','2021-10-16','SID179'),('M18','Antiseptic','tranqueliser',331,955.6,'2020-06-20','2021-06-09','SID18'),('M180','Isoniazid','histamines',391,746.3,'2020-10-09','2021-02-22','SID180'),('M181','Scott','cough syrup',153,314.5,'2020-05-25','2020-12-15','SID181'),('M182','Sheer Cover Shade Adapting Mineral Foundation','cough syrup',15,984,'2020-07-11','2021-10-12','SID182'),('M184','ANXIETY/STRESS RELIEF','histamines',0,172.7,'2020-05-13','2021-08-27','SID184'),('M185','Irbesartan','tranqueliser',399,251.4,'2020-05-27','2020-12-09','SID185'),('M186','JUNIPERUS VIRGINIANA POLLEN','analgesics',334,979.9,'2020-04-13','2021-10-30','SID186'),('M187','Oral Dent','analgesics',488,530.2,'2020-10-07','2021-02-09','SID187'),('M188','Tussin Original','analgesics',133,905.8,'2020-04-01','2021-07-23','SID188'),('M189','Spearmint','pain killer',464,905.9,'2020-02-06','2021-10-22','SID189'),('M19','Pramipexole Dihydrochloride','cough syrup',336,560.9,'2020-02-15','2021-03-06','SID19'),('M190','WellPatch Backache Pain Relief','tranqueliser',301,638.1,'2020-03-02','2021-07-25','SID190'),('M191','Isopto Carbachol','pain killer',290,815.3,'2020-01-10','2021-08-06','SID191'),('M193','Instant Hand Sanitizer','tranqueliser',251,834.7,'2020-01-26','2021-08-07','SID193'),('M194','Circulopath','pain killer',236,369.7,'2019-12-16','2021-06-15','SID194'),('M195','bethanechol chloride','tranqueliser',312,14.8,'2020-05-04','2021-03-01','SID195'),('M196','Cefazolin','histamines',159,951.5,'2019-12-03','2021-07-02','SID196'),('M197','ELF Tinted Moisturizer SPF 20','paracetamol',93,266.4,'2020-03-15','2021-06-25','SID197'),('M198','COREG','histamines',271,284.4,'2020-04-28','2021-09-02','SID198'),('M199','NUCYNTA','paracetamol',432,537,'2020-07-01','2021-07-07','SID199'),('M2','Benazepril Hydrochloride','paracetamol',465,152,'2020-06-18','2020-12-01','SID2'),('M20','SUDDEN NAUSEA','pain killer',153,481,'2020-04-24','2021-06-15','SID20'),('M200','Lenscale Quailbrush','analgesics',169,260.7,'2020-03-13','2021-05-01','SID200'),('M21','Leader Nite Time','pain killer',96,742.6,'2020-06-20','2021-08-18','SID21'),('M22','Dexamethasone','analgesics',63,447,'2019-12-03','2021-06-24','SID22'),('M23','Arnica e pl. tota 20','cough syrup',150,122.3,'2020-09-29','2021-08-23','SID23'),('M24','up and up ibuprofen pm','histamines',480,849.4,'2020-07-14','2021-07-26','SID24'),('M25','Walgreens','pain killer',34,301.3,'2020-05-21','2021-06-01','SID25'),('M26','Tusnel','analgesics',73,490.1,'2020-08-01','2021-05-05','SID26'),('M27','Despec','analgesics',60,482,'2020-09-12','2021-05-18','SID27'),('M28','Salt Cedar','paracetamol',490,36.3,'2020-01-03','2021-02-03','SID28'),('M29','Bicalutamide','tranqueliser',89,99.5,'2020-11-12','2021-11-22','SID29'),('M3','Methergine','paracetamol',58,487.2,'2020-11-10','2021-02-26','SID3'),('M30','Sulphur Remedy','tranqueliser',40,362.1,'2020-10-05','2021-06-11','SID30'),('M31','Duane Reade','tranqueliser',11,704.9,'2020-03-29','2021-06-23','SID31'),('M32','Quinapril','pain killer',174,337,'2020-03-14','2021-04-06','SID32'),('M33','Neutrogena Complete Acne Therapy System','tranqueliser',0,170.5,'2020-08-24','2021-01-12','SID33'),('M35','KNOCKOUT','pain killer',141,899.8,'2020-07-14','2021-11-10','SID35'),('M36','LIGHT THE WAY','histamines',109,864.8,'2020-04-07','2021-07-24','SID36'),('M37','Clonazepam','tranqueliser',288,113.5,'2020-08-19','2021-04-17','SID37'),('M38','Degree','pain killer',150,96.2,'2019-12-11','2021-04-09','SID38'),('M39','Trazodone Hydrochloride','tranqueliser',91,108.9,'2020-11-18','2021-07-09','SID39'),('M4','BUPROPION HYDROCHLORIDE','cough syrup',88,935.3,'2020-08-31','2021-11-13','SID4'),('M40','Bio White Chestnut','histamines',127,957.5,'2020-05-16','2021-07-06','SID40'),('M41','Aspirin','pain killer',98,910.4,'2020-10-15','2021-02-05','SID41'),('M42','Allergy','tranqueliser',323,286.6,'2020-09-25','2020-12-14','SID42'),('M43','Bactimicina Allergy','pain killer',122,766.3,'2020-08-14','2021-07-09','SID43'),('M44','Olanzapine','cough syrup',259,826.8,'2020-10-19','2021-03-05','SID44'),('M45','Mefloquine Hydrochloride','histamines',298,624.6,'2020-09-29','2021-02-09','SID45'),('M46','Lamotrigine','paracetamol',79,389,'2020-04-12','2021-06-03','SID46'),('M47','Hyperbaric Chamber Mix','cough syrup',170,23.4,'2020-05-10','2021-06-24','SID47'),('M48','3LAB Aqua BB SPF 40 BROAD SPECTRUM 03','analgesics',383,415.3,'2020-05-31','2021-07-02','SID48'),('M49','PURE RED GINSENG','cough syrup',180,844.8,'2020-02-03','2021-04-04','SID49'),('M5','Amlodipine besylate','analgesics',431,481.3,'2020-09-21','2021-08-09','SID5'),('M50','CYZONE','paracetamol',22,618.1,'2020-09-20','2021-08-25','SID50'),('M51','ChloraPrep One-Step','pain killer',249,637.1,'2020-05-23','2021-04-06','SID51'),('M52','Rhumatol','tranqueliser',454,200.6,'2019-12-15','2021-10-19','SID52'),('M53','Dove','cough syrup',478,980.8,'2020-07-04','2021-01-06','SID53'),('M54','Butalbital, Acetaminophen, Caffeine','pain killer',378,739.9,'2020-02-08','2020-12-25','SID54'),('M55','POST OAK POLLEN','analgesics',45,341.9,'2020-03-29','2021-10-04','SID55'),('M56','Lubricant / Redness Reliever','analgesics',46,408.5,'2020-01-13','2021-07-10','SID56'),('M57','Doxazosin Mesylate','analgesics',357,236.1,'2020-04-04','2021-04-24','SID57'),('M58','Anti-Bacterial Hand','histamines',158,570.8,'2020-05-27','2021-07-06','SID58'),('M59','Pravastatin Sodium','analgesics',322,310.5,'2020-10-25','2021-09-09','SID59'),('M6','Kadian','pain killer',428,480.8,'2020-11-12','2021-03-12','SID6'),('M60','Aspirin','histamines',84,323.1,'2020-03-03','2021-10-08','SID60'),('M61','Major Thera-Gel Therapeutic','analgesics',217,698.4,'2020-05-04','2020-12-29','SID61'),('M62','Oxygen','tranqueliser',173,773,'2019-12-31','2021-07-27','SID62'),('M63','PredniSONE','pain killer',34,635.9,'2020-05-14','2021-02-24','SID63'),('M64','Glyburide and Metformin Hydrochloride','tranqueliser',317,629.1,'2020-09-02','2021-06-28','SID64'),('M65','Phoslo','paracetamol',265,411.7,'2020-05-08','2021-02-14','SID65'),('M66','ELFMineral Blemish Kit Box','histamines',47,660.6,'2020-09-11','2021-02-11','SID66'),('M67','Paroxetine','paracetamol',470,509.1,'2020-08-29','2021-07-16','SID67'),('M68','CHILDRENS DIMETAPP LONG ACTING COUGH PLUS COLD','pain killer',44,285.3,'2020-06-25','2021-06-02','SID68'),('M69','Alba Sunblock Natural Sport SPF 45','histamines',121,74.5,'2020-07-17','2021-04-23','SID69'),('M7','Cetirizine Hydrochloride','histamines',343,27.4,'2020-10-22','2021-02-22','SID7'),('M70','Ziprasidone','cough syrup',413,299.4,'2020-06-07','2021-08-30','SID70'),('M71','Senna','cough syrup',139,13.1,'2020-08-17','2021-05-21','SID71'),('M72','Conceptrol','cough syrup',227,569.3,'2020-05-09','2021-01-29','SID72'),('M73','Health Smart Baby','cough syrup',76,229.4,'2020-05-24','2021-08-10','SID73'),('M75','OXYCODONE HYDROCHLORIDE','pain killer',440,899.3,'2020-08-30','2021-10-17','SID75'),('M76','Ofloxacin','analgesics',30,822.2,'2020-02-18','2021-11-17','SID76'),('M77','Infergen','analgesics',338,138.7,'2020-03-05','2021-04-02','SID77'),('M78','DayQuil Severe','pain killer',497,279.7,'2020-09-18','2021-02-01','SID78'),('M79','HEPAR SULPHURIS CALCAREUM','cough syrup',225,828.7,'2020-02-20','2021-05-31','SID79'),('M8','LBEL REPLENISHING FOUNDATION SPF 14','tranqueliser',156,886,'2020-10-26','2021-02-15','SID8'),('M81','risedronate sodium','tranqueliser',184,276.7,'2020-03-30','2020-12-19','SID81'),('M82','Nevi (Mole) Control','pain killer',316,602.9,'2020-09-14','2021-03-07','SID82'),('M83','Proactiv Renewing Cleanser','histamines',333,202.8,'2020-07-27','2021-11-20','SID83'),('M84','MEDI-PAK','cough syrup',460,230.4,'2019-11-28','2021-06-20','SID84'),('M85','Ed Hardy Habit Antiseptic Hand Sanitizing Wipe','paracetamol',186,891.6,'2020-03-12','2021-04-25','SID85'),('M86','ANTI AGE VEIN','paracetamol',462,489.4,'2020-08-05','2021-03-15','SID86'),('M87','FLORIL REDNESS RELIEF','cough syrup',366,420.8,'2020-11-06','2021-03-21','SID87'),('M88','Quinapril','histamines',339,719.2,'2020-10-06','2021-04-13','SID88'),('M89','Triamterene and Hydrochlorothiazide','histamines',36,420.8,'2020-03-25','2021-01-17','SID89'),('M9','Shelter','cough syrup',4,752.8,'2020-09-04','2021-07-20','SID9'),('M90','Secret Natural Mineral','pain killer',205,214.2,'2020-10-13','2020-12-23','SID90'),('M91','Excedrin','tranqueliser',348,969.6,'2020-06-16','2021-07-19','SID91'),('M92','Haloperidol','histamines',53,739.3,'2020-08-06','2021-10-29','SID92'),('M93','Ativan','analgesics',406,735.1,'2020-04-28','2021-07-13','SID93'),('M94','TEETHING','tranqueliser',204,212.9,'2020-01-11','2021-03-12','SID94'),('M95','Instant Hand Sanitizer','tranqueliser',11,534.6,'2020-06-23','2021-06-30','SID95'),('M96','Riluzole','cough syrup',245,49.1,'2020-11-09','2021-06-18','SID96'),('M97','Cefuroxime Axetil','cough syrup',43,520.4,'2020-04-13','2021-03-21','SID97'),('M98','Nitro-Time','paracetamol',154,613.6,'2020-05-09','2021-05-13','SID98'),('M99','Fusarium compactum','cough syrup',59,119.3,'2020-03-17','2020-12-11','SID99');
/*!40000 ALTER TABLE `medicines` ENABLE KEYS */;
UNLOCK TABLES;

--
-- Table structure for table `payment_information`
--

DROP TABLE IF EXISTS `payment_information`;
/*!40101 SET @saved_cs_client     = @@character_set_client */;
/*!50503 SET character_set_client = utf8mb4 */;
CREATE TABLE `payment_information` (
  `account_number` bigint NOT NULL,
  `customer_id` int NOT NULL,
  `bhim_id` bigint NOT NULL,
  `card_number` bigint NOT NULL,
  `mode_of_payment` varchar(50) NOT NULL,
  PRIMARY KEY (`account_number`),
  KEY `customer_id` (`customer_id`),
  CONSTRAINT `payment_information_ibfk_1` FOREIGN KEY (`customer_id`) REFERENCES `customer_information` (`customer_id`)
) ENGINE=InnoDB DEFAULT CHARSET=utf8mb4 COLLATE=utf8mb4_0900_ai_ci;
/*!40101 SET character_set_client = @saved_cs_client */;

--
-- Dumping data for table `payment_information`
--

LOCK TABLES `payment_information` WRITE;
/*!40000 ALTER TABLE `payment_information` DISABLE KEYS */;
INSERT INTO `payment_information` VALUES (10011442169,116,92897066939,3574320000000000,'BHIM'),(10506656334,113,81389236281,633110000000000000,'Net Banking'),(10623410730,95,27227175880,3530310000000000,'Net Banking'),(10736597698,9,88835230566,374288000000000,'Net Banking'),(10924189865,91,20829123771,5018960000000000000,'Net Banking'),(11672751709,106,97479592766,560224000000000000,'BHIM'),(12025579987,43,78130618961,4405340000000000,'Net Banking'),(12391528417,47,50641248193,36973000000000,'BHIM'),(12686366353,14,78324182846,201422000000000,'Net Banking'),(13090570749,115,84030169210,3552240000000000,'BHIM'),(13904185437,129,99888192323,3586590000000000,'Net Banking'),(14103858402,84,13571233482,3534000000000000,'Card'),(14978197867,79,45628773855,3558100000000000,'BHIM'),(15583043640,143,58953000417,3545860000000000,'BHIM'),(15787199695,66,84288342457,5602260000000000,'Net Banking'),(16189641187,128,63276183749,5169720000000000,'Net Banking'),(16638116537,39,8188841365,3555780000000000,'Card'),(16742660907,103,65510237522,3587880000000000,'Net Banking'),(16960892980,3,63019220495,3549380000000000,'Net Banking'),(17156712641,134,77853304898,5018790000000000000,'Net Banking'),(17460494695,1,72205136668,374288000000000,'Net Banking'),(17469154846,5,28557084484,3582380000000000,'Card'),(17738913633,139,63843989023,5134730000000000,'Card'),(17986313521,133,84177814219,4405800000000000,'Card'),(18744384203,28,77372743623,3537820000000000,'Card'),(19288711559,16,34061088790,3541350000000000,'BHIM'),(19351262483,75,99498603828,501865000000000000,'Card'),(19356779790,124,61979908062,3535410000000000,'Net Banking'),(20670599983,20,18107937538,6381260000000000,'BHIM'),(21642269799,24,32870517023,3579510000000000,'BHIM'),(22479944795,30,65162118584,3558860000000000,'Net Banking'),(22869010034,72,16673560021,5602250000000000000,'BHIM'),(23976722605,11,84000205370,5100170000000000,'Net Banking'),(26388702783,21,75409815890,5007670000000000,'Net Banking'),(27169819522,136,97718832182,4041370000000,'Net Banking'),(27420023505,126,20849148341,4913870000000000,'Net Banking'),(27545487756,87,10520819385,3544960000000000,'Card'),(27826429453,150,45979936047,3561670000000000,'Card'),(28016033721,46,71655306002,3528120000000000,'Net Banking'),(30913246631,45,21463814986,337941000000000,'Card'),(31227850879,89,8925876530,3549920000000000,'Card'),(31623488051,58,26253179522,493615000000000000,'Net Banking'),(31951484715,135,74845314447,3534620000000000,'Net Banking'),(32377961957,37,18073805389,3575060000000000,'BHIM'),(32660598912,70,40309879227,3574510000000000,'BHIM'),(33702938318,19,92238077318,201542000000000,'BHIM'),(34573135493,121,25284867818,3573000000000000,'BHIM'),(34804979916,104,83688813106,4893000000000,'Net Banking'),(35288901061,55,96401131619,3556750000000000,'Card'),(35315587461,137,68331154144,5602250000000000,'BHIM'),(35974553022,71,42190203741,201629000000000,'Card'),(36674137066,111,71648453408,3548300000000000,'Net Banking'),(37616943711,61,97763137418,3534490000000000,'Card'),(38155646016,80,44608212305,3551790000000000,'Card'),(39083308793,86,39229163989,3585170000000000,'Card'),(39119925434,144,44078931528,501876000000000000,'Card'),(39342309131,127,51647624223,30035800000000,'Net Banking'),(39616235030,92,22015887478,3585940000000000,'Card'),(39742784997,145,98163582067,30293900000000,'BHIM'),(39745190509,63,96855009809,201805000000000,'Net Banking'),(40162163813,17,47788706340,3572430000000000,'Net Banking'),(41262245873,93,6685051353,3561170000000000,'Net Banking'),(42303830970,57,14573641270,4913970000000000,'Card'),(42579885620,149,35046834924,3531500000000000,'BHIM'),(43273514512,50,41474078608,6304520000000000,'Net Banking'),(43742269067,110,65658607347,5100130000000000,'Card'),(44089834831,138,33673020257,5602230000000000,'Card'),(45644214458,94,65619276205,5543410000000000,'Card'),(48407474498,102,80699244325,5602250000000000,'Net Banking'),(49117079402,27,87982716015,56022200000000000,'Card'),(49199594395,85,40867728477,5602250000000000000,'BHIM'),(49849129242,13,19634475223,3559010000000000,'Net Banking'),(50872004195,25,26578102532,5020680000000000,'Net Banking'),(53822932925,146,66451339428,3541620000000000,'BHIM'),(53955800755,67,62154834341,3589280000000000,'BHIM'),(54449031118,22,75538164663,5100180000000000,'Net Banking'),(55554506958,83,51994373280,3531710000000000,'BHIM'),(55564115132,40,76356294887,5610510000000000000,'Card'),(56425762167,31,77043221113,560223000000000000,'BHIM'),(57056319426,147,83815159425,5554800000000000,'Card'),(57352432997,35,74410332247,5610890000000000,'BHIM'),(57881148045,29,4941035463,6763260000000000,'BHIM'),(58367501482,77,97024904646,3584470000000000,'Net Banking'),(59115898700,112,48093879152,4936280000000000000,'Net Banking'),(59534376682,119,91863357369,3545800000000000,'Card'),(59858870231,100,82788012323,5100140000000000,'BHIM'),(59877302060,81,76734176006,4041380000000000,'Net Banking'),(60695638877,12,96132502410,6709040000000000000,'Net Banking'),(62451051703,18,91118619313,3549510000000000,'Net Banking'),(63405360625,105,2360192132,374622000000000,'Card'),(64105044762,74,67315648366,3567470000000000,'BHIM'),(64668826357,4,25599958068,5602230000000000,'Net Banking'),(66412331587,68,41246314932,201946000000000,'Net Banking'),(66666979871,114,23061754783,4936050000000000,'BHIM'),(66891567660,64,86014201702,3571280000000000,'Net Banking'),(67204364673,49,74152005642,371349000000000,'Card'),(67378271447,10,31088929855,3532260000000000,'Net Banking'),(68047329676,60,56291405841,56022300000000000,'BHIM'),(70570031972,32,4133414897,50188900000000000,'Net Banking'),(70941976321,142,44359193423,6759930000000000,'Card'),(71293163829,96,20137241828,3561770000000000,'Net Banking'),(73439340028,26,24166700582,5018180000000000,'BHIM'),(74215785150,62,97258000894,6387180000000000,'Net Banking'),(74978669401,7,51903434797,3540610000000000,'Card'),(75274655235,107,55632161858,3561700000000000,'Card'),(75286211008,51,91375547235,6762140000000000,'BHIM'),(76587200636,41,7366813778,3577420000000000,'Net Banking'),(76962003659,2,94015292662,6334810000000000,'Net Banking'),(78430959824,65,29089619240,3578790000000000,'Card'),(78744337795,42,51398930815,3577180000000000,'Net Banking'),(78849046030,69,65855254798,3562090000000000,'Card'),(79562659801,98,65448769678,6395630000000000,'BHIM'),(79573100544,140,99957945921,372301000000000,'BHIM'),(81135014767,141,44695950338,3535640000000000,'Card'),(81153104435,88,13255409132,50202100000000000,'Card'),(81667207182,101,48987854252,3562250000000000,'Card'),(81925173455,123,34775030109,3530140000000000,'Card'),(82071572773,76,5427352713,201548000000000,'Net Banking'),(82222385936,97,73034145626,36776700000000,'Card'),(82789165998,132,72852083583,3564880000000000,'Card'),(83303288391,82,23584506774,3548270000000000,'BHIM'),(83344882777,56,6728059082,201897000000000,'Net Banking'),(84574481618,52,38341716855,4844980000000000,'Net Banking'),(84928998353,78,47248043564,3557510000000000,'BHIM'),(85438987354,38,87131947414,6706110000000000,'Card'),(86017944431,148,30832587026,5002360000000000,'Card'),(86938225931,59,35443709234,6331110000000000,'BHIM'),(87391946504,53,82047938977,374623000000000,'BHIM'),(88160250475,99,35329818958,3528280000000000,'Net Banking'),(88801583177,122,74997518837,36061500000000,'BHIM'),(88935304960,117,6272804243,3531170000000000,'Card'),(89246506385,23,55973555109,30504700000000,'Card'),(89328211798,118,41655746927,3569530000000000,'Net Banking'),(90161386943,33,20296885815,3586440000000000,'Net Banking'),(90252650336,130,47171536027,3537900000000000,'Card'),(90655670433,44,31373863068,3560970000000000,'BHIM'),(91480043748,6,65861307037,30156000000000,'Net Banking'),(92824415937,90,29027092656,56022100000000000,'Net Banking'),(93936194347,125,20927589332,3546740000000000,'Net Banking'),(94443585688,36,53938756797,5007670000000000,'Net Banking'),(94559602539,48,97372520268,3535480000000000,'Card'),(95311576915,131,2386221451,5100140000000000,'Net Banking'),(95353914177,73,89974844910,3582380000000000,'Net Banking'),(95418096342,108,84609161394,5108760000000000,'Net Banking'),(97296676907,8,44585623474,3552240000000000,'BHIM'),(97621335973,120,65930784169,4990070000000,'Card'),(98302267105,109,67625113493,4175010000000000,'Card'),(98662960208,15,45482378149,3560210000000000,'Card'),(99022043776,34,80105029889,3557850000000000,'BHIM'),(99695584209,54,11931674245,50187200000000000,'Card');
/*!40000 ALTER TABLE `payment_information` ENABLE KEYS */;
UNLOCK TABLES;

--
-- Table structure for table `readers`
--

DROP TABLE IF EXISTS `readers`;
/*!40101 SET @saved_cs_client     = @@character_set_client */;
/*!50503 SET character_set_client = utf8mb4 */;
CREATE TABLE `readers` (
  `reader_id` varchar(50) NOT NULL,
  `visible_quantity` int DEFAULT NULL,
  `item_category` varchar(50) DEFAULT NULL,
  `location_spot` varchar(50) NOT NULL,
  PRIMARY KEY (`reader_id`),
  KEY `location_spot` (`location_spot`),
  CONSTRAINT `readers_ibfk_1` FOREIGN KEY (`location_spot`) REFERENCES `front` (`location_spot`)
) ENGINE=InnoDB DEFAULT CHARSET=utf8mb4 COLLATE=utf8mb4_0900_ai_ci;
/*!40101 SET character_set_client = @saved_cs_client */;

--
-- Dumping data for table `readers`
--

LOCK TABLES `readers` WRITE;
/*!40000 ALTER TABLE `readers` DISABLE KEYS */;
INSERT INTO `readers` VALUES ('RE01',24,'Grocery','A1'),('RE02',13,'Grocery','A2'),('RE03',5,'Grocery','A3'),('RE04',9,'Grocery','A4'),('RE05',15,'Grocery','A5'),('RE06',20,'Grocery','A6'),('RE07',10,'Grocery','A7'),('RE08',13,'Grocery','A8'),('RE09',3,'Grocery','A9'),('RE10',24,'Grocery','A10'),('RE11',17,'Grocery','A11'),('RE12',3,'Grocery','A12'),('RE13',22,'Grocery','A13'),('RE14',15,'Grocery','A14'),('RE15',12,'Grocery','A15'),('RE16',23,'Grocery','A16'),('RE17',11,'Grocery','A17'),('RE18',24,'Grocery','A18'),('RE19',20,'Grocery','A19'),('RE20',11,'Grocery','A20'),('RE21',22,'Grocery','A21'),('RE22',22,'Grocery','A22'),('RE23',3,'Grocery','A23'),('RE24',10,'Grocery','A24'),('RE25',4,'Grocery','A25'),('RE26',10,'Grocery','A26'),('RE27',11,'Grocery','A27'),('RE28',6,'Grocery','A28'),('RE29',11,'Grocery','A29'),('RE30',0,'Grocery','A30'),('RE31',16,'Grocery','A31'),('RE32',11,'Grocery','A32'),('RE33',5,'Grocery','A33'),('RE34',8,'Medicines','A34'),('RE35',14,'Medicines','A35'),('RE36',4,'Medicines','A36'),('RE37',6,'Medicines','A37'),('RE38',5,'Medicines','A38'),('RE39',12,'Medicines','A39'),('RE40',6,'Medicines','A40'),('RE41',16,'Medicines','B1'),('RE42',7,'Medicines','B2'),('RE43',10,'Medicines','B3'),('RE44',4,'Medicines','B4'),('RE45',20,'Medicines','B5'),('RE46',19,'Medicines','B6'),('RE47',21,'Medicines','B7'),('RE48',25,'Medicines','B8'),('RE49',2,'Medicines','B9'),('RE50',19,'Medicines','B10'),('RE51',10,'Medicines','B11'),('RE52',21,'Medicines','B12'),('RE53',15,'Medicines','B13'),('RE54',11,'Medicines','B14'),('RE55',17,'Medicines','B15'),('RE56',20,'Medicines','B16'),('RE57',25,'Medicines','B17'),('RE58',13,'Medicines','B18'),('RE59',2,'Medicines','B19'),('RE60',16,'Medicines','B20'),('RE61',10,'Medicines','B21'),('RE62',6,'Medicines','B22'),('RE63',24,'Medicines','B23'),('RE64',7,'Medicines','B24'),('RE65',12,'Medicines','B25'),('RE66',20,'Medicines','B26'),('RE67',10,'Medicines','B27'),('RE68',7,'Medicines','B28'),('RE69',5,'Medicines','B29'),('RE70',3,'Medicines','B30'),('RE71',23,'Medicines','B31'),('RE72',9,'Medicines','B32'),('RE73',25,'Medicines','B33'),('RE74',9,'Medicines','B34'),('RE75',14,'Medicines','B35'),('RE76',11,'Grocery','B36'),('RE77',18,'Grocery','B37'),('RE78',20,'Grocery','B38'),('RE79',3,'Grocery','B39'),('RE80',22,'Medicines','B40');
/*!40000 ALTER TABLE `readers` ENABLE KEYS */;
UNLOCK TABLES;

--
-- Table structure for table `rfid_raw_data`
--

DROP TABLE IF EXISTS `rfid_raw_data`;
/*!40101 SET @saved_cs_client     = @@character_set_client */;
/*!50503 SET character_set_client = utf8mb4 */;
CREATE TABLE `rfid_raw_data` (
  `tag_id` varchar(50) NOT NULL,
  `location_spot` varchar(50) NOT NULL,
  `item_id` varchar(50) NOT NULL,
  `city` varchar(50) DEFAULT NULL,
  `date_of_shopping` date DEFAULT NULL,
  `rfid_time` time NOT NULL,
  PRIMARY KEY (`tag_id`,`item_id`),
  KEY `location_spot` (`location_spot`),
  CONSTRAINT `rfid_raw_data_ibfk_1` FOREIGN KEY (`location_spot`) REFERENCES `front` (`location_spot`)
) ENGINE=InnoDB DEFAULT CHARSET=utf8mb4 COLLATE=utf8mb4_0900_ai_ci;
/*!40101 SET character_set_client = @saved_cs_client */;

--
-- Dumping data for table `rfid_raw_data`
--

LOCK TABLES `rfid_raw_data` WRITE;
/*!40000 ALTER TABLE `rfid_raw_data` DISABLE KEYS */;
INSERT INTO `rfid_raw_data` VALUES ('RFID0037','B153','M973','Bharuch','2020-08-18','09:04:00'),('RFID0038','A79','G6696','Bombay','2020-04-03','17:29:00'),('RFID0078','A109','G7383','Arizona','2020-07-31','07:49:00'),('RFID0127','A91','G4890','Texas','2020-10-13','10:02:00'),('RFID0139','B42','G1183','Bombay','2020-09-28','21:17:00'),('RFID0147','B149','G0683','Rajkot','2019-11-25','11:09:00'),('RFID0181','B157','M349','Texas','2020-06-17','21:12:00'),('RFID0188','B160','M184','Bharuch','2020-05-01','11:53:00'),('RFID0237','B128','G5209','Texas','2020-10-31','09:59:00'),('RFID0342','A147','G3964','Ahmd','2020-04-10','12:21:00'),('RFID0382','A137','G4563','Utah','2020-08-21','20:04:00'),('RFID0441','A132','G4194','Bharuch','2020-04-09','12:34:00'),('RFID0467','A83','G3229','Bharuch','2020-09-04','23:29:00'),('RFID0468','B76','G4200','Bharuch','2019-12-24','11:50:00'),('RFID0474','B56','G8011','Bharuch','2020-08-25','09:39:00'),('RFID0520','A55','G6411','Bharuch','2020-06-22','12:35:00'),('RFID0521','B54','G7359','Texas','2019-09-28','15:32:00'),('RFID0521','B180','M294','Ahmd','2020-08-28','14:27:00'),('RFID0534','B185','M106','Texas','2019-07-15','09:44:00'),('RFID0539','B166','M108','Rajkot','2020-10-25','10:55:00'),('RFID0549','B118','G6420','Bharuch','2019-10-24','20:57:00'),('RFID0565','B187','M395','Ahmd','2020-03-31','14:52:00'),('RFID0657','A110','G1672','Bharuch','2020-10-04','15:09:00'),('RFID0664','A54','G7854','Bharuch','2019-12-25','21:37:00'),('RFID0695','A61','G5019','Bharuch','2020-05-14','19:39:00'),('RFID0770','B147','G5347','Ahmd','2020-05-04','20:16:00'),('RFID0803','B103','G3483','Arizona','2020-02-26','21:00:00'),('RFID0843','A134','G3411','Ahmd','2020-12-24','18:28:00'),('RFID0891','B67','G7371','Bombay','2020-06-17','10:20:00'),('RFID0918','A123','G5177','Bharuch','2020-10-04','09:38:00'),('RFID0924','A68','G3186','Bharuch','2020-04-21','07:36:00'),('RFID0933','B181','M181','Utah','2019-09-19','19:31:00'),('RFID0946','B111','G5266','Bharuch','2020-06-14','23:49:00'),('RFID0977','B168','M162','Ahmd','2020-06-03','16:40:00'),('RFID1029','B172','M154','Texas','2020-11-27','20:11:00'),('RFID1054','A85','G1178','city','2020-03-25','19:41:00'),('RFID1072','B189','M511','Bharuch','2019-10-06','07:07:00'),('RFID1074','A89','G2433','Bharuch','2019-07-09','07:13:00'),('RFID1128','A129','G5053','Rajkot','2020-04-11','08:43:00'),('RFID1150','B138','G0633','Bharuch','2020-03-31','12:40:00'),('RFID1213','B178','M288','Rajkot','2019-09-02','07:45:00'),('RFID1214','A105','G6478','Rajkot','2020-05-19','21:41:00'),('RFID1268','A46','G2217','Ahmd','2019-12-04','08:06:00'),('RFID1280','A139','G0907','Bharuch','2020-01-18','21:17:00'),('RFID1297','B197','M579','Bharuch','2020-03-02','17:02:00'),('RFID1300','A155','G8545','Bharuch','2019-11-28','19:14:00'),('RFID1330','B126','G0562','Arizona','2020-09-01','13:15:00'),('RFID1341','A159','G9114','Ahmd','2020-01-11','21:40:00'),('RFID1370','B136','G2913','Ahmd','2019-10-04','12:50:00'),('RFID1378','A126','G3807','NYC','2019-08-26','23:03:00'),('RFID1382','A130','G3615','Utah','2019-08-29','10:40:00'),('RFID1391','B150','G6855','Ahmd','2020-02-06','15:26:00'),('RFID1404','A73','G3765','Ahmd','2020-05-01','18:32:00'),('RFID1419','B92','G5003','Bombay','2020-05-11','23:01:00'),('RFID1472','B94','G0262','Bombay','2020-08-16','13:55:00'),('RFID1535','B91','G9986','Texas','2020-06-03','13:05:00'),('RFID1561','B122','G5202','Arizona','2020-09-12','10:13:00'),('RFID1614','A76','G6256','Rajkot','2019-12-07','07:58:00'),('RFID1619','B144','G9894','Ahmd','2019-09-25','22:41:00'),('RFID1649','A188','M400','Utah','2020-01-07','23:18:00'),('RFID1687','A57','G7809','Bharuch','2019-07-25','16:14:00'),('RFID1722','B45','G8567','Utah','2020-10-29','13:55:00'),('RFID1805','B140','G9304','Utah','2020-04-04','17:44:00'),('RFID1827','A177','M121','Ahmd','2019-12-26','09:07:00'),('RFID1853','A44','G5813','Bharuch','2020-12-30','20:21:00'),('RFID1860','A42','G5958','Bharuch','2019-07-12','21:20:00'),('RFID1883','A136','G5883','Utah','2019-12-29','07:02:00'),('RFID1892','B182','M007','Bharuch','2019-08-03','10:59:00'),('RFID1920','A194','M123','Ahmd','2020-05-23','08:59:00'),('RFID1936','A80','G8376','Utah','2020-06-29','08:15:00'),('RFID1941','A124','G5834','Ahmd','2019-07-18','15:22:00'),('RFID1947','A185','M724','Texas','2020-06-14','18:24:00'),('RFID1991','A161','M071','Bharuch','2019-11-05','16:26:00'),('RFID2003','B139','G9354','Texas','2020-07-30','15:08:00'),('RFID2032','B51','G7990','Rajkot','2020-12-06','23:11:00'),('RFID2055','B75','G9836','Arizona','2020-09-09','08:04:00'),('RFID2063','B83','G2070','Bombay','2020-11-20','18:06:00'),('RFID2068','B193','M527','Texas','2020-04-13','13:13:00'),('RFID2074','B87','G6475','NYC','2019-10-08','11:52:00'),('RFID2080','A102','G7644','Utah','2020-01-14','22:43:00'),('RFID2240','B159','M208','Bombay','2019-07-19','07:52:00'),('RFID2270','A94','G1205','Rajkot','2020-11-02','21:05:00'),('RFID2283','A152','G9273','Ahmd','2019-10-04','10:25:00'),('RFID2286','B179','M507','Ahmd','2020-07-08','15:21:00'),('RFID2327','B107','G1649','Ahmd','2020-06-01','08:21:00'),('RFID2334','B158','M447','Bharuch','2020-07-27','21:42:00'),('RFID2390','B84','G7146','Arizona','2019-09-19','14:07:00'),('RFID2424','B59','G9027','Bharuch','2019-08-18','22:11:00'),('RFID2426','A52','G4801','Arizona','2020-10-02','14:19:00'),('RFID2450','B151','M358','Bharuch','2019-08-11','12:23:00'),('RFID2503','B115','G5625','Bombay','2020-08-19','15:06:00'),('RFID2523','B52','G5313','Utah','2020-06-28','18:07:00'),('RFID2663','A170','M063','Rajkot','2019-09-27','14:26:00'),('RFID2670','B170','M653','Bharuch','2019-12-17','21:44:00'),('RFID2673','A53','G3821','Arizona','2020-09-21','23:39:00'),('RFID2696','A127','G4162','Bharuch','2020-04-13','15:23:00'),('RFID2701','B190','M475','Utah','2020-10-03','20:43:00'),('RFID2749','B100','G1912','Ahmd','2020-12-19','14:49:00'),('RFID2772','A90','G7216','Ahmd','2019-08-31','21:21:00'),('RFID2773','A181','M187','Texas','2019-12-03','09:26:00'),('RFID2888','A163','M328','Utah','2019-11-19','19:50:00'),('RFID2949','A131','G1162','Bharuch','2020-03-05','17:11:00'),('RFID2995','A77','G0787','Texas','2019-11-29','14:15:00'),('RFID3000','B98','G3226','Ahmd','2019-12-26','14:32:00'),('RFID3018','A167','M975','Bharuch','2020-10-10','21:18:00'),('RFID3029','B79','G6790','Arizona','2019-07-18','10:10:00'),('RFID3039','B148','G4404','Bombay','2019-08-15','23:15:00'),('RFID3051','A171','M348','Rajkot','2020-01-23','21:40:00'),('RFID3123','A145','G0569','Rajkot','2020-07-21','20:52:00'),('RFID3125','A176','M091','Bharuch','2019-08-04','17:47:00'),('RFID3126','B96','G2089','Rajkot','2020-07-04','15:01:00'),('RFID3168','B119','G1505','Bharuch','2020-10-12','14:55:00'),('RFID3215','B93','G1208','Rajkot','2019-08-14','07:45:00'),('RFID3229','B191','M051','Bharuch','2019-11-25','14:47:00'),('RFID3235','B73','G6861','Utah','2020-08-22','21:34:00'),('RFID3252','B145','G4776','Texas','2019-09-23','13:39:00'),('RFID3259','B171','M774','Ahmd','2020-07-24','12:56:00'),('RFID3293','B186','M053','Bharuch','2020-06-20','21:27:00'),('RFID3322','A180','M703','Bharuch','2020-01-22','18:26:00'),('RFID3336','B194','M131','Bharuch','2020-12-15','14:33:00'),('RFID3377','A146','G5810','Texas','2019-12-08','21:17:00'),('RFID3542','A172','M941','Arizona','2019-09-20','18:57:00'),('RFID3613','A108','G0584','Arizona','2020-08-30','23:31:00'),('RFID3632','A103','G1836','Ahmd','2020-06-24','16:25:00'),('RFID3651','B99','G0422','Bombay','2020-11-29','17:27:00'),('RFID3679','A148','G8511','Bharuch','2020-12-06','17:01:00'),('RFID3684','A197','M764','Texas','2019-11-28','19:32:00'),('RFID3714','B137','G9571','Bharuch','2020-08-10','21:22:00'),('RFID3740','B146','G7773','Bharuch','2020-09-23','17:05:00'),('RFID3747','B78','G0969','Bombay','2020-04-11','18:48:00'),('RFID3765','A193','M528','Texas','2020-10-15','10:40:00'),('RFID3818','A113','G3578','Bharuch','2020-01-03','17:31:00'),('RFID3855','B112','G8429','Texas','2020-06-10','20:25:00'),('RFID3909','B104','G4906','Bharuch','2020-03-05','12:08:00'),('RFID3927','B46','G5413','Bharuch','2020-05-05','20:37:00'),('RFID3968','B142','G0537','Bharuch','2020-02-25','18:08:00'),('RFID4035','A64','G3784','Bharuch','2019-07-19','23:00:00'),('RFID4097','B125','G7749','Rajkot','2020-03-04','18:08:00'),('RFID4134','B161','M266','Bombay','2019-10-22','12:26:00'),('RFID4139','B129','G7939','Bombay','2019-07-24','23:51:00'),('RFID4204','B95','G2176','Texas','2020-12-22','07:13:00'),('RFID4226','A43','G9949','Ahmd','2020-03-03','07:28:00'),('RFID4243','A190','M146','Ahmd','2020-05-15','13:56:00'),('RFID4245','A84','G0703','Rajkot','2020-06-17','19:59:00'),('RFID4287','B69','G4438','Arizona','2019-07-20','11:52:00'),('RFID4333','B130','G2519','Ahmd','2020-08-21','14:40:00'),('RFID4349','A118','G5519','Utah','2020-06-26','10:44:00'),('RFID4359','B116','G0915','Bharuch','2020-09-19','12:48:00'),('RFID4381','B102','G2111','Ahmd','2019-07-02','07:09:00'),('RFID4515','A141','G1458','Rajkot','2020-01-27','19:23:00'),('RFID4521','A187','M703','Bharuch','2019-12-13','08:23:00'),('RFID4616','B132','G6616','Bharuch','2020-07-13','13:33:00'),('RFID4637','B72','G2618','Bharuch','2020-05-24','07:00:00'),('RFID4653','B135','G8033','Bharuch','2020-01-15','19:48:00'),('RFID4718','B176','M337','Ahmd','2019-10-13','17:28:00'),('RFID4756','B131','G0344','Bombay','2020-05-30','21:07:00'),('RFID4796','B62','G4990','Ahmd','2020-08-23','11:51:00'),('RFID4886','A173','M288','Utah','2019-09-23','16:37:00'),('RFID4955','B154','M397','Texas','2019-09-21','12:57:00'),('RFID4966','A114','G2653','Ahmd','2020-05-26','12:36:00'),('RFID5047','A133','G3653','Arizona','2020-07-30','19:25:00'),('RFID5051','B184','M646','Rajkot','2019-09-27','10:15:00'),('RFID5064','B63','G0344','Ahmd','2019-12-20','16:05:00'),('RFID5071','A72','G7440','Utah','2020-12-17','15:06:00'),('RFID5072','B66','G5254','Ahmd','2020-09-13','07:15:00'),('RFID5098','A138','G1304','Bombay','2020-04-23','07:15:00'),('RFID5100','A41','G6800','Rajkot','2020-10-15','15:32:00'),('RFID5107','B68','G4249','Bharuch','2020-07-30','22:23:00'),('RFID5140','B163','M745','Ahmd','2019-11-06','21:25:00'),('RFID5249','B43','G1787','Arizona','2020-02-01','08:59:00'),('RFID5266','A157','G8450','Bharuch','2020-06-23','22:14:00'),('RFID5334','A47','G3499','Bharuch','2020-10-22','08:08:00'),('RFID5339','A115','G9630','Bombay','2019-08-07','16:37:00'),('RFID5355','A98','G9452','Bharuch','2020-03-23','19:06:00'),('RFID5398','A97','G0346','Bharuch','2020-05-21','14:43:00'),('RFID5451','A92','G0819','Texas','2019-12-08','09:16:00'),('RFID5482','A116','G7967','Ahmd','2020-07-20','08:11:00'),('RFID5486','A184','M035','Rajkot','2020-03-10','15:02:00'),('RFID5559','A82','G6328','Utah','2020-10-22','10:01:00'),('RFID5648','B108','G8152','Bharuch','2020-03-10','08:57:00'),('RFID5662','A154','G9312','Ahmd','2019-12-06','15:51:00'),('RFID5715','B165','M442','Rajkot','2020-04-05','19:15:00'),('RFID5716','A93','G4208','Bharuch','2020-11-10','17:11:00'),('RFID5720','A166','M533','NYC','2019-08-26','09:44:00'),('RFID5726','B65','G9043','Arizona','2019-10-12','09:14:00'),('RFID5832','B64','G9919','Ahmd','2020-12-13','22:16:00'),('RFID5860','B183','M955','Rajkot','2020-12-30','16:36:00'),('RFID5893','B141','G3785','Rajkot','2020-12-09','18:28:00'),('RFID5903','A140','G2761','Texas','2019-09-03','09:08:00'),('RFID5914','A59','G6579','Rajkot','2020-04-12','19:02:00'),('RFID5915','A120','G8684','Bombay','2020-06-09','17:04:00'),('RFID5935','A63','G5854','Bharuch','2019-07-31','20:45:00'),('RFID5996','A165','M940','Utah','2019-09-20','09:35:00'),('RFID6009','B57','G6153','Texas','2019-10-20','11:57:00'),('RFID6080','A149','G7020','Arizona','2020-05-26','21:11:00'),('RFID6150','A164','M559','Bharuch','2020-03-18','21:09:00'),('RFID6162','B164','M047','Bombay','2020-06-26','22:20:00'),('RFID6176','B195','M043','Utah','2020-01-18','11:07:00'),('RFID6186','A182','M909','Arizona','2020-11-21','16:35:00'),('RFID6194','A117','G6862','Arizona','2020-07-06','11:47:00'),('RFID6220','A158','G0076','Bharuch','2019-10-15','10:35:00'),('RFID6245','B55','G0873','Texas','2019-09-22','10:06:00'),('RFID6500','A62','G2801','Bombay','2020-01-04','15:34:00'),('RFID6570','B188','M977','Rajkot','2019-11-19','22:56:00'),('RFID6615','A60','G8893','Bharuch','2020-10-08','07:36:00'),('RFID6685','B61','G4979','Utah','2020-05-06','20:59:00'),('RFID6702','B143','G9876','Arizona','2019-10-08','07:15:00'),('RFID6748','B114','G5661','Ahmd','2019-08-15','22:37:00'),('RFID6789','B82','G8297','Ahmd','2019-12-13','16:11:00'),('RFID6799','A200','M521','Texas','2020-08-28','13:08:00'),('RFID6803','A122','G1203','Rajkot','2020-02-02','09:20:00'),('RFID6838','B124','G2850','Ahmd','2020-06-10','15:53:00'),('RFID6844','B89','G9876','Bombay','2019-11-09','13:00:00'),('RFID6869','B41','G0226','Texas','2020-02-25','16:12:00'),('RFID6895','A107','G3675','Bharuch','2020-05-15','08:52:00'),('RFID6910','B85','G1039','Utah','2019-08-07','22:04:00'),('RFID6927','A156','G0595','Bharuch','2020-09-26','20:02:00'),('RFID6996','A192','M484','Bharuch','2019-07-14','22:26:00'),('RFID7009','A49','G7313','Bharuch','2020-08-28','09:59:00'),('RFID7034','A196','M193','Bharuch','2020-08-30','18:15:00'),('RFID7061','A125','G8881','Bharuch','2020-02-10','10:01:00'),('RFID7078','B71','G7644','Ahmd','2019-07-15','09:03:00'),('RFID7093','A178','M537','Texas','2019-09-14','15:45:00'),('RFID7265','B106','G9286','Bharuch','2020-05-09','19:13:00'),('RFID7330','A45','G5394','Rajkot','2020-01-29','22:58:00'),('RFID7353','A74','G4766','Ahmd','2019-07-13','21:53:00'),('RFID7405','A183','M819','Ahmd','2019-08-07','10:30:00'),('RFID7410','A75','G1538','Utah','2019-09-23','12:00:00'),('RFID7438','A191','M503','Bharuch','2019-10-26','22:41:00'),('RFID7468','A56','G4781','Bombay','2019-11-23','22:09:00'),('RFID7627','A112','G7037','Ahmd','2020-03-12','17:49:00'),('RFID7657','A81','G0502','Texas','2020-03-05','13:50:00'),('RFID7676','A95','G7029','Bharuch','2020-10-31','11:23:00'),('RFID7676','A179','M762','Texas','2019-07-14','23:16:00'),('RFID7695','A69','G6817','Bombay','2020-09-20','19:57:00'),('RFID7706','A111','G5196','Bharuch','2020-01-26','08:26:00'),('RFID7732','B120','G9844','Texas','2019-12-28','22:58:00'),('RFID7745','A160','G7001','Bombay','2019-11-24','11:10:00'),('RFID7794','B74','G7459','Bharuch','2020-11-01','13:49:00'),('RFID7795','A153','G4036','Bharuch','2020-01-05','22:29:00'),('RFID7848','A128','G5716','Ahmd','2020-07-01','16:36:00'),('RFID7858','B117','G9281','Bharuch','2020-11-21','19:51:00'),('RFID7910','A86','G8508','Ahmd','2020-04-28','16:48:00'),('RFID7929','A65','G2299','Utah','2019-12-10','09:14:00'),('RFID7953','B175','M056','Bharuch','2020-07-22','10:19:00'),('RFID7966','A96','G0347','Bharuch','2019-11-19','18:53:00'),('RFID7987','B47','G8067','Bharuch','2020-10-08','17:44:00'),('RFID8046','B58','G0654','Rajkot','2020-11-12','23:51:00'),('RFID8077','A101','G3571','Texas','2020-02-17','07:55:00'),('RFID8081','A186','M586','Bombay','2020-06-14','10:47:00'),('RFID8085','A168','M134','Texas','2019-07-16','09:14:00'),('RFID8117','A150','G4540','Utah','2019-10-14','08:42:00'),('RFID8125','A104','G6382','Bharuch','2020-09-09','15:26:00'),('RFID8136','B80','G6266','Texas','2020-07-19','12:29:00'),('RFID8266','B48','G8455','Texas','2020-07-02','10:36:00'),('RFID8275','B127','G7992','Bharuch','2020-03-27','21:54:00'),('RFID8276','B167','M062','Bombay','2020-10-27','15:40:00'),('RFID8283','B113','G2711','Bharuch','2020-11-03','07:49:00'),('RFID8321','B110','G1938','Bharuch','2019-11-27','14:00:00'),('RFID8356','A66','G0897','Utah','2020-05-26','18:35:00'),('RFID8361','A48','G0042','Bharuch','2020-08-14','18:36:00'),('RFID8379','B60','G3912','Bharuch','2020-06-19','18:57:00'),('RFID8385','A195','M850','Texas','2019-07-30','11:34:00'),('RFID8401','A100','G9147','Arizona','2020-01-19','13:52:00'),('RFID8416','B192','M715','Ahmd','2020-03-20','17:05:00'),('RFID8439','B90','G5522','Bharuch','2020-06-01','17:13:00'),('RFID8460','A88','G6902','Utah','2020-11-08','22:11:00'),('RFID8475','A78','G3285','Ahmd','2020-07-25','08:47:00'),('RFID8478','B162','M585','Ahmd','2020-03-23','10:19:00'),('RFID8484','A143','G6253','Texas','2019-10-23','07:20:00'),('RFID8525','A58','G6911','Texas','2019-11-11','10:48:00'),('RFID8596','B174','M616','Bharuch','2020-02-15','23:37:00'),('RFID8627','B81','G6323','Utah','2020-07-05','18:25:00'),('RFID8639','B50','G9062','Arizona','2019-07-03','09:15:00'),('RFID8656','B77','G6744','Bharuch','2020-04-27','13:47:00'),('RFID8699','B101','G1127','Rajkot','2020-08-30','09:56:00'),('RFID8797','A119','G6655','Ahmd','2020-09-21','21:51:00'),('RFID8901','A198','M534','Bharuch','2020-09-07','19:57:00'),('RFID8933','B177','M827','Utah','2020-06-23','11:25:00'),('RFID8939','A135','G3895','Bharuch','2020-06-06','19:10:00'),('RFID9036','A199','M135','Utah','2020-05-04','14:02:00'),('RFID9058','B196','M171','Bharuch','2020-05-09','21:27:00'),('RFID9143','B152','M515','Bharuch','2020-06-10','14:36:00'),('RFID9154','A121','G2560','Bharuch','2020-12-22','18:13:00'),('RFID9184','A50','G7478','NYC','2020-08-14','13:58:00'),('RFID9200','B44','G3834','Bombay','2019-08-11','22:42:00'),('RFID9216','B134','G0625','Ahmd','2019-10-16','10:24:00'),('RFID9276','B86','G4087','Bombay','2020-05-19','14:57:00'),('RFID9309','B109','G8033','Ahmd','2020-01-08','12:34:00'),('RFID9317','A70','G7702','Bombay','2020-11-03','22:07:00'),('RFID9325','A99','G5589','Utah','2020-05-16','21:48:00'),('RFID9368','B173','M770','Utah','2020-05-10','22:21:00'),('RFID9370','B53','G3122','Bharuch','2020-09-22','16:32:00'),('RFID9397','A87','G7557','Bharuch','2020-12-06','19:27:00'),('RFID9398','B133','G5515','Texas','2020-10-20','21:42:00'),('RFID9438','A144','G9014','Utah','2019-11-03','07:07:00'),('RFID9463','B121','G5411','Bharuch','2020-12-24','11:49:00'),('RFID9488','A106','G5890','Texas','2020-05-07','14:46:00'),('RFID9492','B97','G8126','Utah','2020-02-13','19:54:00'),('RFID9572','B156','M570','Texas','2020-03-12','16:07:00'),('RFID9594','B155','M734','Utah','2019-08-31','09:05:00'),('RFID9595','A175','M532','Rajkot','2020-09-13','11:42:00'),('RFID9620','A169','M748','Bharuch','2020-09-09','23:09:00'),('RFID9631','B169','M056','Bharuch','2020-12-03','18:46:00'),('RFID9646','A162','M893','Bharuch','2020-01-16','21:47:00'),('RFID9715','A71','G5850','Ahmd','2019-07-22','22:05:00'),('RFID9728','A142','G2727','Utah','2020-09-19','13:13:00'),('RFID9736','A189','M044','Rajkot','2020-12-08','19:39:00'),('RFID9749','B88','G3567','Texas','2020-02-10','09:19:00'),('RFID9789','A67','G3321','Ahmd','2020-02-13','08:39:00'),('RFID9853','B70','G9616','Bharuch','2019-10-17','08:28:00'),('RFID9871','B49','G8417','Utah','2020-02-12','08:34:00'),('RFID9891','B105','G4746','Ahmd','2019-11-25','15:28:00'),('RFID9895','B123','G0804','Texas','2019-09-23','18:40:00'),('RFID9985','A51','G2876','Bharuch','2020-11-09','14:48:00'),('RFID9989','A151','G1703','Arizona','2020-10-26','18:36:00');
/*!40000 ALTER TABLE `rfid_raw_data` ENABLE KEYS */;
UNLOCK TABLES;

--
-- Table structure for table `seller`
--

DROP TABLE IF EXISTS `seller`;
/*!40101 SET @saved_cs_client     = @@character_set_client */;
/*!50503 SET character_set_client = utf8mb4 */;
CREATE TABLE `seller` (
  `s_id` varchar(50) NOT NULL,
  `salesman_name` varchar(50) NOT NULL,
  `salesman_contact` varchar(50) NOT NULL,
  `salesman_email` varchar(50) DEFAULT NULL,
  `transportation_mode` varchar(50) DEFAULT NULL,
  `gst_number` varchar(50) DEFAULT NULL,
  `item_id` varchar(50) NOT NULL,
  PRIMARY KEY (`s_id`)
) ENGINE=InnoDB DEFAULT CHARSET=utf8mb4 COLLATE=utf8mb4_0900_ai_ci;
/*!40101 SET character_set_client = @saved_cs_client */;

--
-- Dumping data for table `seller`
--

LOCK TABLES `seller` WRITE;
/*!40000 ALTER TABLE `seller` DISABLE KEYS */;
INSERT INTO `seller` VALUES ('SID1','Kelley','2381515839','kgenny0@businessweek.com','Elan','460308556DL5828','G1454'),('SID10','Adamo','3026205649','afeaviour9@cnbc.com','C70','717094971CF4059','G3499'),('SID100','Debra','2444282102','dfonte2x@mlb.com','Montero','325865944MC5139','G1836'),('SID101','Selby','2418668780','swhittall2y@moonfruit.com','Taurus','749127930OF2836','G6382'),('SID102','Ignace','1934299310','iroan2z@ow.ly','Thunderbird','358957115GH4709','G6478'),('SID103','Lorry','4279597388','lcrummay30@oracle.com','Golf','301957369MY4983','G5890'),('SID104','Jaquenetta','5661325289','jstickins31@spiegel.de','Tiburon','196462821LP1735','G3675'),('SID105','Jacklyn','6507981339','jcradey32@npr.org','Clubman','643800412VR6619','G0584'),('SID106','Lindsy','6493064735','lhayer33@technorati.com','Explorer Sport Trac','183934260VV4760','G7383'),('SID107','Carma','7628038896','cyearron34@microsoft.com','GTO','274451402WD5588','G1672'),('SID108','Iver','7274560532','iluten35@hexun.com','Continental','132671781TR3979','G5196'),('SID109','Mikel','1243459641','mrevans36@huffingtonpost.com','Eldorado','333226024VT8758','G7037'),('SID11','Antonie','4053793321','aboaysa@discuz.net','Probe','800499092FM6444','G0042'),('SID110','Mildred','1391030651','mcollington37@eepurl.com','Sparrow','387933405RA8247','G3578'),('SID111','Pam','1518791280','pmewhirter38@jugem.jp','Altima','795977200JV6090','G2653'),('SID112','Kacie','9777204012','kgian3a@yellowpages.com','Avanti','720681564ZM4026','G0076'),('SID113','Amalee','4615435944','amailes3b@mapquest.com','Ranger','601503717GA7654','G9114'),('SID114','Lacy','8459488652','lemer3c@hhs.gov','RAV4','553945712RZ5272','G7001'),('SID115','Alister','8726123855','apoge3d@nature.com','CLS-Class','599203045UT6590','G5411'),('SID116','Tani','2162012109','tdugan3e@seattletimes.com','Clubman','598203077BZ0877','G5202'),('SID117','Dulce','9256801650','deagger3f@goo.gl','Swift','348276042FX8736','G0804'),('SID118','Lonee','2564558210','linglesfield3g@bravesites.com','Wrangler','125944853AK3549','G2850'),('SID119','Allen','9001528305','abloy3h@theguardian.com','Firebird','066262747ER7757','G7749'),('SID12','Aubry','4641546133','ashepherdb@github.com','Ram 3500','607749553ZF0579','G7313'),('SID120','Diarmid','9097669017','dlafayette3i@biblegateway.com','ZDX','727584062AU6707','G0562'),('SID121','Audra','3843765108','awatling3j@youtube.com','Thunderbird','796670323EC1383','G7992'),('SID122','Kerrin','3241647495','kjupp3k@odnoklassniki.ru','Cayman','273244751OJ3979','G5209'),('SID123','Ryun','6029215046','rhallard3l@is.gd','Capri','452717038ON2236','G7939'),('SID124','Delphine','7152294668','dchattaway3m@fda.gov','Suburban 2500','951722122AP0157','G2519'),('SID125','Shanie','2036197704','smioni3n@photobucket.com','Grand Voyager','949948668NN4532','G0344'),('SID126','Sanders','4288593267','sballard3o@purevolume.com','Gallardo','826470170XF7425','G6616'),('SID127','Gregorio','4273887307','gsnugg3p@mac.com','Impreza','988058087AI0326','G5515'),('SID128','Wilona','5188174739','wpunch3q@nasa.gov','Swift','400696785EZ8762','G0625'),('SID129','Shermy','4998727021','sivanichev3r@time.com','Camaro','112594346AC7002','G8033'),('SID13','Kahlil','3106111635','kbiddlecombec@independent.co.uk','Viper','585547440IJ2724','G7478'),('SID130','Judith','3959681964','jwhotton3s@comsenz.com','Accent','245484083SL9071','G2913'),('SID131','Loni','8949945919','lbartolommeo3t@xinhuanet.com','D150','986037862WZ4805','G9571'),('SID132','Kristofor','2541298828','kbolf3u@imgur.com','Neon','402223846HC9338','G0633'),('SID133','Wilhelmina','1682436968','wstanlack3v@hubpages.com','Justy','683057420JN2140','G9354'),('SID134','Emiline','3244760589','eord3w@theatlantic.com','Town Car','467306220CV5497','G4520'),('SID135','Ileana','3934072506','ilyddyard3x@wix.com','Sentra','624463386CP8116','G0118'),('SID136','Allyn','7087771598','asonner3y@theatlantic.com','Cutlass Cruiser','437421049PX8472','G7681'),('SID137','Faustine','1441185497','fwhewill3z@gov.uk','Cabriolet','044236813RD2567','G4789'),('SID138','Filbert','6428600992','fsancto40@deviantart.com','Miata MX-5','304654359TF9926','G5568'),('SID139','Guglielma','7238348244','ggerrit41@privacy.gov.au','LTD','833058578RL4499','G7438'),('SID14','Em','4444219640','etapendend@barnesandnoble.com','Cougar','742704177NI6859','G2876'),('SID140','Domingo','7588053266','dairdrie42@nba.com','GL-Class','525363144PH1105','G4041'),('SID141','Hope','6965274723','hkubu43@eventbrite.com','Grand Cherokee','433632799PR7788','G5723'),('SID142','Pauli','3772762266','pcansdale44@clickbank.net','RX-7','498922118NW7398','G4147'),('SID143','Lem','6211331929','laimeric45@go.com','C30','555471348XW4315','G0979'),('SID144','Allx','5519372153','avittore46@1und1.de','SL-Class','322781147WO1449','G4449'),('SID145','Zachery','3536260082','zosselton47@drupal.org','Riviera','672811592QG0374','G5029'),('SID146','Tanney','4793540195','tdowner48@mail.ru','ES','358771447AY0160','G7511'),('SID147','Fabio','9063577333','fgier49@studiopress.com','Golf','543017449PH1075','G6048'),('SID148','Babara','5485360737','betuck4a@howstuffworks.com','Starion','092224171VL5884','G4605'),('SID149','Lionello','6385128251','lpiggins4c@ovh.net','Sprinter','411819350YR5581','G8522'),('SID15','Larisa','9059396497','lpaytone@prlog.org','Venture','210326408JB7936','G4801'),('SID150','Iain','1722060744','imccully4d@bing.com','E150','884877039GQ3996','G4722'),('SID151','Hernando','1011116535','hiliffe4e@123-reg.co.uk','F150','743786288FJ3895','G1525'),('SID152','Tim','9676884895','tchill4f@telegraph.co.uk','Nitro','123698736BG0759','G5207'),('SID153','Loralie','8323193437','lwildman4g@ca.gov','Miata MX-5','477796351GO7697','G0203'),('SID154','Gracie','3108054150','gshillitoe4h@opera.com','Yukon Denali','106420311RU7964','G3851'),('SID155','Heinrick','4484200717','hschuchmacher4i@nsw.gov.au','Z8','965125214TP9090','G0725'),('SID156','Aurlie','1401384337','aclarey4j@jugem.jp','Quest','326436136KN2490','G2095'),('SID157','Moselle','9573155137','mchristin4k@dion.ne.jp','Mirage','953521378RJ5095','G8593'),('SID158','Shandra','5042044394','sbraybrooke4l@weibo.com','Cirrus','222740672HB6714','M703'),('SID159','Lari','4174071091','lledekker4m@blogger.com','Camry','680357572HQ6499','M187'),('SID16','Nevins','3671999746','nizkoveskif@fema.gov','CR-Z','955306041UR5422','G3821'),('SID160','Aline','5764598791','amcerlaine4n@adobe.com','Thunderbird','891759337SC6387','M909'),('SID161','Orion','7155288830','omattiacci4o@alibaba.com','Sonoma','165874626GN8710','M819'),('SID162','Byrann','8013732827','bcunnow4p@illinois.edu','Cougar','495301446ZW2613','M035'),('SID163','Davidson','9121927641','dwellsman4q@myspace.com','Equinox','355583848DN4696','M724'),('SID164','Kaia','8439773952','kabrahami4r@princeton.edu','Firebird','426744991SL0994','M586'),('SID165','Sutherlan','5866617534','salessandrelli4s@dropbox.com','Windstar','536445229XD2919','M703'),('SID166','Kit','4198596889','kholdren4t@usgs.gov','E-Series','809918225EY3742','M400'),('SID167','Robbyn','7276373184','rdaubney4u@mail.ru','IS-F','608650026GC2628','M044'),('SID168','Rhiamon','9579754393','rcomolli4v@altervista.org','DeVille','688149847UD4940','M146'),('SID169','Hinda','4966194269','hmcnirlan4w@cornell.edu','Ram','289138882TG6555','M503'),('SID17','Irene','2382451515','ilangmuirg@tmall.com','Mustang','982766862DP7732','G7854'),('SID170','Dwain','1178992633','dtrattles4x@washingtonpost.com','Civic','091351605HF8564','M484'),('SID171','Margot','2569323877','mbligh4y@stanford.edu','Passat','711982558ND0990','M528'),('SID172','Ginni','7293463673','gnicklinson4z@noaa.gov','Patriot','432165156ZE6798','M123'),('SID173','Martina','7807098148','mmullarkey50@youku.com','A5','512527226MS1954','M850'),('SID174','Ugo','2069160818','ubampkin51@tuttocitta.it','','607993608RW4520','M193'),('SID175','Clementine','3258159677','cimison52@spotify.com','Land Cruiser','580963713WQ4997','M764'),('SID176','Wynnie','1159201847','wsifleet53@bloomberg.com','Ram','885906395ZV5278','M534'),('SID177','Mirna','5542691737','mluscott54@sciencedaily.com','LaCrosse','414166586PM6075','M135'),('SID178','Barnabas','4725196643','bjanout55@usgs.gov','Lancer','510891045KR6261','M521'),('SID179','Leona','2541741167','lfawkes56@webmd.com','','914938890RV3743','M266'),('SID18','Lindsey','9467042793','lnormanellh@domainmarket.com','Range Rover','302184140IT3121','G6411'),('SID180','Forrest','8469738235','flemerie57@icq.com','Grand Prix','155075599PU3443','M585'),('SID181','Jacky','1512763663','jmacvagh58@over-blog.com','Jetta','842332341LS3218','M745'),('SID182','Carolann','7123923102','caartsen59@multiply.com','Lanos','642197894RR3309','M047'),('SID183','Kathi','6395258454','kburdin5a@yandex.ru','xD','777070706SA7908','M442'),('SID184','Odilia','5749435214','ojurkowski5b@yahoo.com','Accord','619021266VN6179','M108'),('SID185','Thor','6545218022','tblakemore5c@mac.com','Yukon','983800228ZU4760','M062'),('SID186','Ronny','6703480076','rjirus5d@google.com','Eos','912777962IM7111','M162'),('SID187','Dallis','7524153979','dcarnew5e@fema.gov','300ZX','846743266JK7701','M056'),('SID188','Axe','7039416445','ahallums5f@about.me','HS','612607348IK3845','M653'),('SID189','Aurea','1017791594','afawcus5g@psu.edu','Town & Country','447630270VP1702','M774'),('SID19','Ignacius','2238108744','inicklini@economist.com','SX4','166402452IU9909','G4781'),('SID190','Carlie','5812382189','cronchi5h@jiathis.com','Aerio','780103153TT1367','M154'),('SID191','Stacey','6534628494','swhitehead5i@japanpost.jp','S10','367370839FJ7427','M770'),('SID192','Hubey','4093285015','hsiemianowicz5j@rambler.ru','Intrepid','520174387CH5997','M616'),('SID193','Angil','6173580819','asturgeon5k@ted.com','LS','026749893VQ7385','M056'),('SID194','Karil','9244986797','ksinnott5l@about.me','2500 Club Coupe','253434828TO0594','M337'),('SID195','Barrett','7819699441','bjeffryes5m@freewebs.com','DeVille','601042322KJ0585','M827'),('SID196','Emmalynne','1409393997','eciementini5n@apache.org','E-Class','433101524HV7784','M288'),('SID197','Lola','1804243436','lseymour5o@chronoengine.com','300TE','981235264BL5914','M507'),('SID198','Ezra','6007663647','emecco5p@hatena.ne.jp','RX','534819338UQ3050','M294'),('SID199','Katherina','4185972141','kjenton5q@pinterest.com','M6','820081182VU3124','M181'),('SID2','Troy','5155434683','thagger1@yelp.com','LS','270085987EW7319','G1650'),('SID20','Augusto','4477954674','agreenigj@wordpress.org','tC','515060203XJ8805','G7809'),('SID200','Alric','6276013853','abamlett5r@slashdot.org','Daewoo Magnus','189997363VF7520','M007'),('SID201','Karalee','7804043628','khalling5s@sourceforge.net','Grand Vitara','562007856UB3900','M955'),('SID202','Emili','4726862534','eelcock5t@canalblog.com','LS','172176852IL8790','M646'),('SID203','Jade','6881237199','jfairlaw5u@macromedia.com','Corvette','486356939PU7460','M106'),('SID204','Delia','5642554656','dmcgeffen5v@auda.org.au','Talon','273578144UU8010','M053'),('SID205','Isak','1044907089','ibrimming5w@deliciousdays.com','Enclave','959590467RS3175','M395'),('SID206','Urbano','5683807132','uabbatucci5x@homestead.com','Rally Wagon 2500','347331709BA3291','M977'),('SID207','Isiahi','7489576506','ibarff5y@drupal.org','Accent','132516811FC9487','M511'),('SID208','Nicky','4719723671','ndarnell5z@admin.ch','Eurovan','636364269PR0804','M475'),('SID209','Lenna','8423165290','lserot60@princeton.edu','Fortwo','911325725ZL9999','M051'),('SID21','Merrie','5854715383','mbestwickk@ezinearticles.com','E350','540759223HR7153','G6911'),('SID210','Tessy','2469023805','tgradwell61@youtu.be','Mountaineer','011566774NE2050','M715'),('SID211','Aurie','9878849582','abeedie62@dyndns.org','TrailBlazer','957821097SY3682','M527'),('SID212','Corine','9044147414','cberndtsson63@amazon.com','Sonoma Club Coupe','605950315MM3282','M131'),('SID213','Melody','2731267340','meich64@google.de','A6','504176348NN2376','M043'),('SID214','Parry','9543123932','pgiacobbinijacob65@mapquest.com','DeVille','886987576ZR2184','M171'),('SID215','Ashlan','5775029465','asancroft66@mozilla.org','CC','118610874RH1632','M579'),('SID216','Dyna','7312981258','dmalamore68@nationalgeographic.com','Colorado','702548762TX3655','M664'),('SID217','Alie','3671410722','awaylett69@wufoo.com','Highlander','484078184SM0848','M229'),('SID218','Korrie','6045285726','kclemanceau6b@webnode.com','Blazer','079119205ST7855','M186'),('SID219','Hestia','9525319727','hfoker6c@prweb.com','Ram 1500','053903221YI6642','M484'),('SID22','Melisande','6194510553','mlyonm@ox.ac.uk','S60','955945493XD0121','G8893'),('SID220','Cordelie','5606512246','cmanterfield6d@youku.com','Bonneville','628297435BE3273','M697'),('SID221','Wilma','7232109766','wbosanko6e@feedburner.com','CTS','079826966CA8899','M860'),('SID222','Corny','6501275015','cmoggach6f@canalblog.com','Venture','976135008WR6076','M699'),('SID223','Kaitlynn','2572534050','kockenden6g@telegraph.co.uk','Challenger','583375095OF3968','M052'),('SID224','Marillin','6687153022','mfullagar6h@whitehouse.gov','C70','530509913PV0557','M761'),('SID225','Derek','7743892609','dtwigger6i@typepad.com','Phantom','014459449ZS9540','M813'),('SID226','Brandy','9052476405','btruett6j@networkadvertising.org','MX-3','640974449WE4569','M240'),('SID227','Ethe','2802793265','ealvarado6k@newsvine.com','TT','741026740CR1679','M889'),('SID228','Adara','4694024511','aclemendot6l@networksolutions.com','Express 2500','980491497GN1474','M585'),('SID229','Krysta','3107322326','kheadan6m@cyberchimps.com','Caprice','188970880FQ7999','M226'),('SID23','Carter','2713224310','creesen@independent.co.uk','CR-V','765789124XY1987','G5019'),('SID230','Bernie','4873121019','bbanasik6n@columbia.edu','Sonata','630312681AW7596','M304'),('SID231','Merissa','8438327041','mshucksmith6o@youtube.com','S80','736816146GP9910','M981'),('SID232','Lay','9567572417','lruncie6p@wiley.com','Cabriolet','649819839XL2285','M893'),('SID233','Jessalyn','9877452356','jshoebottom6q@marriott.com','Rio','953061676VC2555','M527'),('SID234','Gaston','1672708032','gchristol6r@naver.com','Fiesta','325062427NI4899','M925'),('SID235','Inez','1816700289','igert6s@slideshare.net','Dakota','176502378EZ0448','M877'),('SID236','Celisse','4594437190','ccaswell6t@time.com','Frontier','741784552CA8085','M158'),('SID237','Bab','4967099078','beliassen6u@domainmarket.com','Explorer','852975342WP6124','M079'),('SID238','Ham','7459182747','hpash6w@cdbaby.com','Endeavor','989285597EZ1695','M876'),('SID239','Corliss','1537889197','ccofax6x@w3.org','Storm','343436626FT5211','M262'),('SID24','Denney','5891965144','dstriblingo@va.gov','Azera','135177257RI3694','G2801'),('SID25','Layla','9498986163','lcastelp@edublogs.org','Stealth','570503209VR0580','G5854'),('SID26','Channa','8602050745','cmayesq@arizona.edu','Savana 2500','415459501OI6440','G3784'),('SID27','Alexandrina','7685735135','acoker@army.mil','Tacoma Xtra','113800519MD0662','G2299'),('SID28','Kiley','6558729932','kmagoverns@dagondesign.com','Grand Am','550526759YI3292','G0897'),('SID29','Nehemiah','1195109099','nornilst@amazon.com','TrailBlazer','425898298JQ8733','G3321'),('SID3','Gerard','2297568221','gpawlett2@noaa.gov','Lancer','280161896IK3557','G1917'),('SID30','Cordi','6527064555','ckistingu@ovh.net','Thunderbird','890781472UA7267','G3186'),('SID31','Elita','2228846740','etinsleyv@jimdo.com','Suburban','013820452WP4563','G6817'),('SID32','Jessey','3414334280','jmcartw@census.gov','Stealth','104386272WW6762','G7702'),('SID33','Elga','8219985059','egasnollx@msn.com','Silverado 1500','064230332QC3283','G5850'),('SID34','Shaun','1708026761','sdiviney@cpanel.net','Grand Vitara','715648988SL3890','G7440'),('SID35','Idaline','1147210505','ipagetz@list-manage.com','Accent','324787023QW6667','G3765'),('SID36','Tommie','8387416748','tpuleque10@geocities.jp','Leganza','990303086KW8900','G4766'),('SID37','Annmarie','5725281958','amatussevich11@ft.com','Jetta','173084512JZ9003','G1538'),('SID38','Annissa','9471521843','ajacobowits12@fc2.com','Q5','367694278NU1821','G6256'),('SID39','Jessika','4122220375','jsandwick13@dmoz.org','Galant','129601455HX0198','G0787'),('SID4','Adair','2923638542','atobias3@geocities.com','Chariot','438419772BK5544','G6800'),('SID40','Fawn','1866205550','fmunkley14@mac.com','FX','315754370WX2922','G3285'),('SID41','Leonidas','7316571949','lhanselmann15@amazonaws.com','Blazer','741538387PC8223','G6696'),('SID42','Kari','9322568012','kfishe16@clickbank.net','Accent','356491839TS4078','G8376'),('SID43','Eloisa','2755416801','epapa17@etsy.com','C-Class','341481346NS1394','G0226'),('SID44','Phebe','5164380471','plhommeau18@hhs.gov','Mustang','912179884TU7644','G1183'),('SID45','Inglis','7775683021','ireek1a@amazon.co.uk','New Beetle','505470650GA7448','G3834'),('SID46','Chuck','8338501447','cevangelinos1b@xing.com','Colorado','181504099ST8953','G8567'),('SID47','Denna','4314461308','drospars1c@ft.com','Yukon','724463399GB2484','G5413'),('SID48','Pandora','7782651328','pbazire1d@rakuten.co.jp','Mustang','171569714JI2554','G8067'),('SID49','Keir','1323070436','kworwood1e@vinaora.com','Entourage','398766550NI4424','G8455'),('SID5','Sacha','7766343632','sgeldeard4@nsw.gov.au','Sedona','916300894HR2339','G5958'),('SID50','Francisco','9254949194','fkehir1f@jiathis.com','Caravan','921258876UX1909','G8417'),('SID51','Caprice','5888074141','cantonognoli1g@ustream.tv','F150','869889074EF5298','G9062'),('SID52','Winnah','9589728659','wcarress1h@deviantart.com','350Z','191099845RZ5357','G7990'),('SID53','Joshia','4718876253','jiacabucci1i@wp.com','Corvette','713833548ZC6971','G5313'),('SID54','Sheena','2761477581','sjereatt1j@quantcast.com','Sixty Special','242644987HV0383','G3122'),('SID55','Alexis','2895319568','alambertson1k@illinois.edu','SLS-Class','903420261LS8949','G7359'),('SID56','Kim','6947328919','kmackneis1l@reuters.com','Explorer','023620953DM1724','G0873'),('SID57','Ebeneser','1286470979','ematuskiewicz1m@tripadvisor.com','E-Class','517635333LT8302','G8011'),('SID58','Cherianne','9899902289','csciusscietto1n@nytimes.com','Taurus','281373265OF1154','G6153'),('SID59','Mateo','8434135124','mdenore1o@huffingtonpost.com','R-Class','005407024XR9432','G0654'),('SID6','Lishe','2899829353','lbohea5@jiathis.com','Chariot','504705845OA7107','G9949'),('SID60','Debra','5754811972','dpepys1p@yolasite.com','MDX','970642596KI5002','G9027'),('SID61','Loraine','5054415171','lpracy1q@epa.gov','Riviera','632242309ZJ9434','G3912'),('SID62','Merrill','4572713005','mkelberer1r@mtv.com','riolet','685474942JY4371','G4979'),('SID63','Starla','7119691352','sbrikner1s@tinyurl.com','Sierra','942926967LI5943','G4990'),('SID64','Laurette','4406607122','ldaleman1t@fastcompany.com','Town Car','097266569MB2465','G0344'),('SID65','Concordia','5032212305','cbauldry1u@delicious.com','RX-8','713279845LT7249','G9919'),('SID66','Liva','6358019682','lfelkin1v@geocities.jp','Element','889663627RE1761','G9043'),('SID67','Vale','3719599047','vblasoni1w@vkontakte.ru','Talon','643970763DJ6360','G5254'),('SID68','Eldredge','2919949892','esalway1y@businessinsider.com','Ram 1500','485164283BG9101','G4249'),('SID69','Chelsey','5477847958','cnovello1z@domainmarket.com','Firebird','343662695ZD6008','G4438'),('SID7','Xylia','5117397444','xcunniam6@tiny.cc','Sonata','899836537ZM6794','G5813'),('SID70','Richardo','8748069340','rmcward20@go.com','Sunfire','669336599OS1050','G9616'),('SID71','Rosene','8153601003','rkarlqvist21@over-blog.com','Express 2500','339146165HQ4697','G7644'),('SID72','Gunter','6279017393','grigglesford22@java.com','Lynx','295520424RP8278','G2618'),('SID73','Krysta','7536708892','kfriedlos23@ameblo.jp','MINI','134973454CS4760','G6861'),('SID74','Quintin','5355760082','qcraigie24@newyorker.com','S60','519188859WP8813','G7459'),('SID75','Jocelin','9306507161','jepton25@wix.com','Veracruz','661307487JM5493','G9836'),('SID76','Bogey','4586748333','bjosovitz26@si.edu','Summit','413809676MD6282','G4200'),('SID77','Washington','2559820771','wpatley27@ihg.com','Tacoma','285419406GJ4334','G6744'),('SID78','Shelley','7789269909','sashwood29@google.com','Rabbit','784538144JL5758','G6790'),('SID79','Ethan','7765785884','emadgett2a@mtv.com','F350','641655283DG7614','G6266'),('SID8','Corney','7736840584','cdaldan7@cbsnews.com','C-Class','052446585YD5333','G5394'),('SID80','Matthias','9302373571','mknoller2b@baidu.com','RAV4','735315726YV3198','G0502'),('SID81','Dag','3814395271','dcoal2c@soup.io','D250','864162720AP5141','G6328'),('SID82','Dina','2275244592','dnowaczyk2d@yelp.com','C70','582846282IV6834','G3229'),('SID83','Shaina','4234415195','sbasant2e@smugmug.com','Ranger','677178116WM8755','G0703'),('SID84','Alejandra','4659820615','anary2f@exblog.jp','Cayenne','997621597WE3050','G1178'),('SID85','Milena','1111225959','momalley2h@instagram.com','Monte Carlo','632530487VA9655','G7557'),('SID86','Denna','1393438970','dsturgess2i@deviantart.com','E-Series','638553523HJ3419','G6902'),('SID87','Shelbi','6709838641','swyborn2j@nytimes.com','Camaro','294291163FA9725','G2433'),('SID88','Ermentrude','3603166032','emakeswell2k@tripod.com','Forester','777404372ZK5632','G7216'),('SID89','Boony','2913149349','bhanhard2l@mozilla.com','Firebird','808784500YF5669','G4890'),('SID9','Jedidiah','1548152432','jdeelay8@apple.com','Ram Van 3500','676553959CU5198','G2217'),('SID90','Celle','4634711855','csutherel2m@sakura.ne.jp','Cobalt','929897533WZ7551','G0819'),('SID91','Morton','8757084664','mkondrachenko2n@delicious.com','C-Class','338669515EM3741','G4208'),('SID92','Glyn','8466509604','gmccool2o@seattletimes.com','Ram Van 2500','399206901ON0787','G1205'),('SID93','Vlad','2099895607','viannuzzi2q@mail.ru','STS-V','061468548BL2391','G0347'),('SID94','Delbert','8063639002','dghione2r@google.com.br','Montero','817707622KB7333','G0346'),('SID95','Tobi','4718658744','thalle2s@gravatar.com','Sunbird','834062109LG2841','G9452'),('SID96','Dena','4521615356','dberthel2t@geocities.com','Escalade','904459897MK1443','G5589'),('SID97','Forrest','6634645519','fmicklem2u@addthis.com','Sportage','300327151BJ0496','G9147'),('SID98','Kirsten','2271520711','kmcgonnell2v@meetup.com','LTD Crown Victoria','117618133PG8404','G3571'),('SID99','Nikolaos','6065431174','nmaccafferky2w@pinterest.com','MKX','574372068HB3643','G7644');
/*!40000 ALTER TABLE `seller` ENABLE KEYS */;
UNLOCK TABLES;

--
-- Table structure for table `sensors`
--

DROP TABLE IF EXISTS `sensors`;
/*!40101 SET @saved_cs_client     = @@character_set_client */;
/*!50503 SET character_set_client = utf8mb4 */;
CREATE TABLE `sensors` (
  `sensor_id` varchar(50) NOT NULL,
  `location_spot` varchar(50) DEFAULT NULL,
  `sensor_status` int DEFAULT NULL,
  PRIMARY KEY (`sensor_id`)
) ENGINE=InnoDB DEFAULT CHARSET=utf8mb4 COLLATE=utf8mb4_0900_ai_ci;
/*!40101 SET character_set_client = @saved_cs_client */;

--
-- Dumping data for table `sensors`
--

LOCK TABLES `sensors` WRITE;
/*!40000 ALTER TABLE `sensors` DISABLE KEYS */;
INSERT INTO `sensors` VALUES ('BUT000','H5',1),('BUT001','C8',1),('BUT006','G5',1),('BUT007','B9',1),('BUT012','C6',1),('BUT014','A5',1),('BUT016','A5',0),('BUT019','A9',0),('BUT021','G2',0),('BUT022','C5',0),('BUT025','G4',1),('BUT028','G3',1),('BUT033','A8',1),('BUT034','F7',0),('BUT037','D2',0),('BUT038','G3',1),('BUT039','F5',0),('BUT045','E7',1),('BUT050','E1',1),('BUT051','A3',0),('BUT053','G4',0),('BUT058','G8',1),('BUT059','C9',1),('BUT060','C8',1),('BUT063','C7',0),('BUT065','B2',1),('BUT067','B4',1),('BUT072','D5',1),('BUT074','F2',1),('BUT075','A9',0),('BUT078','E4',1),('BUT079','E8',0),('BUT082','E4',1),('BUT083','B7',1),('BUT084','C7',1),('BUT085','A3',0),('BUT088','A2',0),('BUT091','E1',1),('BUT092','A6',1),('BUT097','E6',0),('BUT098','D3',1),('BUT099','H1',0),('BUT100','C8',0),('BUT103','F8',0),('BUT104','B9',0),('BUT107','C9',1),('BUT108','A3',1),('BUT109','A7',0),('BUT111','E6',1),('BUT113','E5',1),('BUT118','E5',1),('BUT121','A5',0),('BUT122','E7',1),('BUT124','C6',0),('BUT127','B7',1),('BUT128','G9',1),('BUT129','H6',0),('BUT131','C7',0),('BUT132','B2',1),('BUT133','C3',1),('BUT134','E9',0),('BUT135','A4',0),('BUT137','H8',1),('BUT141','A2',1),('BUT142','A4',1),('BUT143','C1',1),('BUT146','C3',0),('BUT155','C8',0),('BUT156','B6',1),('BUT157','I2',1),('BUT160','G5',1),('BUT162','F3',0),('BUT164','I1',1),('BUT165','H4',1),('BUT172','B4',0),('BUT173','H6',0),('BUT175','D2',1),('BUT179','B5',0),('BUT180','H4',1),('BUT187','D6',0),('BUT189','B4',0),('BUT190','I5',0),('BUT192','A2',1),('BUT194','D5',1),('BUT196','A4',1),('BUT197','D5',0),('BUT199','B6',1),('BUT202','A7',0),('BUT204','B3',0),('BUT206','D1',0),('BUT210','A8',1),('BUT211','H4',0),('BUT212','C2',0),('BUT221','F4',1),('BUT224','D6',0),('BUT225','G6',0),('BUT226','G4',1),('BUT229','H6',1),('BUT230','H2',0),('BUT232','G6',0),('BUT237','F1',0),('BUT238','I7',0),('BUT240','H5',1),('BUT244','D5',1),('BUT246','C2',1),('BUT248','G9',0),('BUT249','B8',1),('BUT250','E7',1),('BUT251','H2',1),('BUT262','F9',0),('BUT263','G8',0),('BUT265','B4',0),('BUT271','I1',0),('BUT277','D2',0),('BUT278','G8',1),('BUT279','A4',0),('BUT281','E9',0),('BUT284','A9',0),('BUT288','G7',1),('BUT289','G9',0),('BUT293','D3',0),('BUT299','G8',0),('BUT303','B7',0),('BUT307','C1',0),('BUT313','H1',1),('BUT316','B8',1),('BUT320','F2',1),('BUT323','D9',1),('BUT326','F3',0),('BUT330','B1',0),('BUT332','E6',1),('BUT333','H3',0),('BUT335','G7',1),('BUT337','B7',1),('BUT343','H8',1),('BUT344','F7',1),('BUT353','G8',0),('BUT354','H8',1),('BUT355','location_Spot',1),('BUT356','C6',0),('BUT361','D7',1),('BUT365','F9',0),('BUT368','I7',1),('BUT369','B5',1),('BUT371','D7',1),('BUT372','D7',1),('BUT373','C3',1),('BUT374','D1',1),('BUT375','I4',1),('BUT376','B1',0),('BUT378','D4',0),('BUT379','A6',1),('BUT381','F7',0),('BUT382','I5',1),('BUT384','B3',0),('BUT390','A8',0),('BUT393','H6',0),('BUT396','D9',0),('BUT398','H9',0),('BUT403','D6',0),('BUT411','I8',1),('BUT412','E8',1),('BUT414','G1',0),('BUT415','B9',0),('BUT417','F5',0),('BUT418','G7',0),('BUT419','H5',0),('BUT420','F3',1),('BUT421','B2',1),('BUT422','C5',0),('BUT423','F3',1),('BUT427','C2',0),('BUT431','B6',1),('BUT432','I5',1),('BUT433','F9',0),('BUT436','E8',0),('BUT440','C9',1),('BUT442','D9',0),('BUT444','I9',0),('BUT445','E6',1),('BUT446','G4',0),('BUT447','D4',0),('BUT449','E6',1),('BUT452','G1',0),('BUT453','I6',1),('BUT454','B2',0),('BUT458','I9',0),('BUT460','D8',0),('BUT461','I2',1),('BUT464','F9',0),('BUT470','I4',1),('BUT471','F6',0),('BUT472','I3',1),('BUT474','E4',0),('BUT475','I8',0),('BUT476','E1',1),('BUT479','E4',1),('BUT480','H6',0),('BUT484','E5',1),('BUT487','I4',0),('BUT488','E3',1),('BUT489','F4',0),('BUT494','D8',0),('BUT500','C7',1),('BUT503','A3',0),('BUT504','F6',0),('BUT507','D8',1),('BUT508','A7',0),('BUT510','I9',0),('BUT511','F6',0),('BUT514','H1',0),('BUT515','B5',1),('BUT516','F7',1),('BUT517','F1',0),('BUT523','D9',0),('BUT527','C1',1),('BUT528','D3',0),('BUT530','D1',0),('BUT531','G2',1),('BUT533','D2',0),('BUT534','A6',0),('BUT538','B5',0),('BUT540','I8',0),('BUT541','B3',0),('BUT542','C3',1),('BUT544','E4',1),('BUT546','G2',1),('BUT547','D4',1),('BUT548','G7',1),('BUT550','E3',0),('BUT553','A6',1),('BUT559','D1',0),('BUT563','H9',0),('BUT566','G1',0),('BUT577','H9',1),('BUT579','B6',0),('BUT582','C3',1),('BUT583','H8',0),('BUT586','H2',1),('BUT587','H7',0),('BUT592','H5',1),('BUT594','C2',0),('BUT598','B5',1),('BUT604','A1',1),('BUT606','G4',1),('BUT612','E5',0),('BUT622','I8',1),('BUT623','I7',0),('BUT624','H3',1),('BUT630','D8',0),('BUT632','E9',1),('BUT638','C5',1),('BUT639','F4',0),('BUT640','G3',0),('BUT641','E7',0),('BUT643','F8',0),('BUT645','F2',1),('BUT646','F3',1),('BUT651','G9',1),('BUT653','I1',1),('BUT654','D7',1),('BUT655','G3',0),('BUT658','D1',1),('BUT660','B3',1),('BUT662','G9',0),('BUT667','C7',0),('BUT673','D3',0),('BUT675','A6',1),('BUT678','G3',0),('BUT680','A3',1),('BUT681','F4',0),('BUT682','B7',0),('BUT684','F4',0),('BUT687','A1',1),('BUT688','G5',1),('BUT690','D4',0),('BUT691','A2',0),('BUT693','F7',1),('BUT699','B3',0),('BUT700','H7',0),('BUT703','H5',0),('BUT705','G7',1),('BUT706','E1',0),('BUT709','B8',1),('BUT711','E3',1),('BUT716','E2',0),('BUT718','C1',0),('BUT723','B8',1),('BUT724','A8',1),('BUT725','C4',1),('BUT735','I5',1),('BUT736','I7',0),('BUT740','I6',1),('BUT747','C4',0),('BUT749','D7',0),('BUT751','B2',1),('BUT753','E2',0),('BUT755','C5',1),('BUT760','H2',1),('BUT761','A5',0),('BUT762','H7',0),('BUT767','E7',1),('BUT768','E8',1),('BUT769','F2',1),('BUT771','D6',1),('BUT773','H3',1),('BUT776','I9',0),('BUT778','A7',0),('BUT780','F5',1),('BUT782','I4',1),('BUT785','B9',0),('BUT787','I1',1),('BUT789','H3',1),('BUT790','G5',0),('BUT793','G5',1),('BUT799','E2',1),('BUT800','D2',0),('BUT802','A9',1),('BUT804','I1',0),('BUT808','A1',0),('BUT813','I3',1),('BUT820','I6',0),('BUT822','E9',0),('BUT824','H9',0),('BUT826','B8',0),('BUT827','G1',0),('BUT829','A5',1),('BUT834','H7',0),('BUT837','C2',1),('BUT839','I6',1),('BUT840','G6',0),('BUT841','H8',0),('BUT851','E9',1),('BUT855','F9',1),('BUT857','B1',1),('BUT858','H2',0),('BUT859','I2',0),('BUT861','A2',1),('BUT863','A9',0),('BUT865','F5',0),('BUT867','G1',0),('BUT872','H9',0),('BUT873','G2',0),('BUT876','C6',0),('BUT877','F2',0),('BUT883','I2',0),('BUT885','C4',0),('BUT886','G2',0),('BUT888','E1',0),('BUT893','F6',1),('BUT894','C4',1),('BUT900','D5',1),('BUT904','F8',0),('BUT906','I3',1),('BUT907','B1',1),('BUT908','A7',1),('BUT910','H7',1),('BUT916','H4',1),('BUT917','C9',1),('BUT918','E3',0),('BUT919','H3',0),('BUT920','A4',0),('BUT921','A1',0),('BUT925','A1',1),('BUT926','H4',1),('BUT930','C1',0),('BUT935','F8',0),('BUT937','E5',0),('BUT943','D4',1),('BUT944','D9',1),('BUT945','G6',0),('BUT948','C6',0),('BUT950','E8',0),('BUT951','F1',0),('BUT953','D6',1),('BUT955','D8',1),('BUT956','B6',0),('BUT958','D3',0),('BUT959','B4',0),('BUT960','I3',1),('BUT961','C5',0),('BUT962','H1',0),('BUT963','B9',1),('BUT965','C9',0),('BUT966','A8',1),('BUT967','E2',1),('BUT970','F1',0),('BUT971','F8',0),('BUT976','F1',1),('BUT977','C4',1),('BUT980','E2',1),('BUT981','H1',1),('BUT985','E3',1),('BUT987','G6',1),('BUT993','B1',1),('BUT996','F6',0),('BUT997','F5',1);
/*!40000 ALTER TABLE `sensors` ENABLE KEYS */;
UNLOCK TABLES;

--
-- Table structure for table `shopping_lists`
--

DROP TABLE IF EXISTS `shopping_lists`;
/*!40101 SET @saved_cs_client     = @@character_set_client */;
/*!50503 SET character_set_client = utf8mb4 */;
CREATE TABLE `shopping_lists` (
  `item_id` varchar(50) NOT NULL,
  `item_category` varchar(50) NOT NULL,
  `item_weight_in_kg` decimal(10,2) NOT NULL,
  `quantity` int NOT NULL,
  `item_cost_in_rupees` decimal(10,1) NOT NULL,
  `list_id` int NOT NULL,
  PRIMARY KEY (`item_id`),
  KEY `list_id` (`list_id`)
) ENGINE=InnoDB DEFAULT CHARSET=utf8mb4 COLLATE=utf8mb4_0900_ai_ci;
/*!40101 SET character_set_client = @saved_cs_client */;

--
-- Dumping data for table `shopping_lists`
--

LOCK TABLES `shopping_lists` WRITE;
/*!40000 ALTER TABLE `shopping_lists` DISABLE KEYS */;
INSERT INTO `shopping_lists` VALUES ('G100','grocery',10.05,2,830.4,2316),('G101','grocery',5.31,13,630.8,2789),('G102','grocery',9.73,11,337.2,2712),('G103','grocery',4.71,14,120.0,2614),('G104','grocery',5.18,19,736.0,2139),('G105','grocery',1.49,20,727.4,2420),('G106','grocery',12.54,12,427.4,2874),('G107','grocery',11.84,13,566.2,2399),('G108','grocery',12.48,19,840.1,2474),('G109','grocery',9.12,11,370.2,2008),('G110','grocery',13.75,20,596.2,2322),('G111','grocery',1.07,20,216.8,2940),('G112','grocery',4.89,1,832.4,2413),('G113','grocery',11.90,10,157.8,2435),('G114','grocery',12.03,17,44.2,2258),('G115','grocery',7.87,17,595.1,2697),('G116','grocery',14.53,6,593.4,2583),('G117','grocery',12.00,11,407.7,2866),('G118','grocery',5.09,8,939.7,2053),('G119','grocery',12.32,2,758.0,2752),('G120','grocery',6.69,12,830.0,2548),('G121','grocery',3.56,15,402.3,2358),('G122','grocery',8.26,19,297.4,2651),('G123','grocery',12.61,14,25.1,2371),('G124','grocery',4.49,3,332.2,2514),('G125','grocery',10.95,6,717.6,2612),('G126','grocery',11.49,5,383.5,2947),('G127','grocery',9.78,8,11.5,2303),('G128','grocery',5.20,20,617.0,2659),('G129','grocery',10.99,1,999.4,2891),('G130','grocery',2.35,3,185.0,2636),('G131','grocery',7.22,6,546.2,2656),('G132','grocery',10.88,11,748.9,2935),('G133','grocery',3.02,20,636.9,2786),('G134','grocery',3.68,2,696.8,2547),('G135','grocery',3.99,3,82.8,2272),('G136','grocery',7.72,9,887.1,2547),('G137','grocery',5.61,15,979.0,2443),('G138','grocery',1.41,11,482.2,2738),('G139','grocery',9.48,17,21.5,2873),('G140','grocery',4.60,2,909.5,2201),('G141','grocery',6.21,4,691.9,2870),('G142','grocery',12.51,14,608.6,2594),('G143','grocery',1.37,4,969.0,2052),('G144','grocery',6.61,14,414.6,2613),('G145','grocery',9.86,9,976.1,2331),('G146','grocery',13.23,15,224.3,2308),('G147','grocery',9.69,5,714.4,2176),('G148','grocery',10.22,8,281.0,2392),('G149','grocery',11.29,8,348.7,2412),('G150','grocery',8.15,12,17.2,2824),('G71','grocery',2.14,1,740.8,2291),('G72','grocery',1.12,14,792.6,2492),('G73','grocery',4.49,16,179.3,2058),('G74','grocery',6.78,14,424.1,2200),('G75','grocery',13.50,19,183.7,2101),('G76','grocery',11.53,9,939.6,2652),('G77','grocery',13.43,5,138.2,2331),('G78','grocery',12.12,18,351.7,2065),('G79','grocery',1.67,20,992.4,2123),('G80','grocery',8.32,5,237.1,2390),('G81','grocery',8.76,5,861.5,2429),('G82','grocery',2.99,19,798.7,2655),('G83','grocery',10.18,12,180.0,2170),('G84','grocery',2.85,15,509.7,2092),('G85','grocery',5.28,2,86.7,2452),('G86','grocery',11.55,6,302.9,2050),('G87','grocery',3.81,10,503.3,2767),('G88','grocery',8.02,14,237.8,2461),('G89','grocery',2.85,12,385.2,2229),('G90','grocery',2.45,8,644.3,2795),('G91','grocery',11.66,9,13.3,2139),('G92','grocery',3.24,2,384.9,2223),('G93','grocery',13.23,16,387.2,2648),('G94','grocery',9.59,2,442.2,2801),('G95','grocery',12.16,12,81.9,2996),('G96','grocery',9.61,6,885.4,2895),('G97','grocery',14.88,6,932.5,2770),('G98','grocery',1.03,5,51.8,2733),('G99','grocery',1.77,3,856.1,2523),('M1','medicines',5.32,12,197.6,2754),('M10','medicines',9.18,3,253.9,2362),('M11','medicines',2.72,16,73.6,2118),('M12','medicines',11.92,14,761.3,2919),('M13','medicines',14.26,6,764.5,2831),('M14','medicines',11.87,3,198.9,2744),('M15','medicines',3.44,11,691.5,2207),('M16','medicines',14.57,7,86.1,2935),('M17','medicines',2.46,17,724.4,2733),('M18','medicines',13.00,18,18.7,2447),('M19','medicines',13.31,11,304.7,2165),('M2','medicines',13.13,16,601.2,2773),('M20','medicines',6.86,14,513.2,2062),('M21','medicines',14.64,3,617.8,2731),('M22','medicines',6.90,2,456.3,2919),('M23','medicines',6.35,18,573.7,2291),('M24','medicines',4.43,5,875.9,2430),('M25','medicines',5.45,19,179.6,2937),('M26','medicines',1.14,19,674.3,2402),('M27','medicines',14.34,3,750.2,2694),('M28','medicines',10.04,1,484.9,2962),('M29','medicines',14.44,2,190.0,2732),('M3','medicines',14.39,10,425.7,2187),('M30','medicines',5.17,4,361.6,2147),('M31','medicines',4.31,18,63.3,2254),('M32','medicines',2.89,7,649.6,2055),('M33','medicines',11.37,3,941.2,2284),('M34','medicines',3.93,16,632.3,2215),('M35','medicines',3.89,9,652.3,2589),('M36','medicines',1.81,5,909.1,2577),('M37','medicines',13.52,13,235.8,2179),('M38','medicines',6.79,11,352.0,2990),('M39','medicines',10.46,8,647.0,2072),('M4','medicines',6.79,11,816.4,2812),('M40','medicines',9.21,1,887.7,2486),('M41','medicines',14.76,1,179.9,2015),('M42','medicines',7.61,12,68.8,2906),('M43','medicines',2.34,4,887.6,2743),('M44','medicines',11.04,9,535.0,2292),('M45','medicines',4.10,17,473.1,2272),('M46','medicines',1.13,12,820.3,2262),('M47','medicines',13.88,12,578.3,2216),('M48','medicines',7.75,15,31.2,2636),('M49','medicines',8.13,10,787.1,2425),('M5','medicines',7.50,7,251.9,2143),('M50','medicines',7.48,5,599.2,2503),('M51','medicines',11.91,6,363.8,2371),('M52','medicines',11.38,11,878.1,2517),('M53','medicines',4.50,10,345.2,2575),('M54','medicines',11.74,13,40.6,2513),('M55','medicines',10.40,17,786.0,2075),('M56','medicines',6.89,10,677.2,2223),('M57','medicines',2.05,7,660.8,2070),('M58','medicines',1.86,16,356.9,2512),('M59','medicines',4.64,4,577.4,2710),('M6','medicines',1.89,15,435.6,2581),('M60','medicines',11.72,18,956.4,2805),('M61','medicines',6.26,18,737.0,2061),('M62','medicines',1.83,16,823.6,2053),('M63','medicines',8.69,7,75.8,2817),('M64','medicines',14.18,4,162.3,2441),('M65','medicines',3.35,7,766.7,2275),('M66','medicines',2.32,11,146.9,2249),('M67','medicines',4.55,17,255.4,2300),('M68','medicines',5.90,17,414.0,2315),('M69','medicines',14.77,13,168.8,2563),('M7','medicines',10.02,15,968.1,2247),('M70','medicines',2.78,2,665.3,2261),('M8','medicines',2.63,13,40.3,2987),('M9','medicines',12.74,3,554.2,2149);
/*!40000 ALTER TABLE `shopping_lists` ENABLE KEYS */;
UNLOCK TABLES;

--
-- Dumping events for database 'dbms'
--

--
-- Dumping routines for database 'dbms'
--
/*!40103 SET TIME_ZONE=@OLD_TIME_ZONE */;

/*!40101 SET SQL_MODE=@OLD_SQL_MODE */;
/*!40014 SET FOREIGN_KEY_CHECKS=@OLD_FOREIGN_KEY_CHECKS */;
/*!40014 SET UNIQUE_CHECKS=@OLD_UNIQUE_CHECKS */;
/*!40101 SET CHARACTER_SET_CLIENT=@OLD_CHARACTER_SET_CLIENT */;
/*!40101 SET CHARACTER_SET_RESULTS=@OLD_CHARACTER_SET_RESULTS */;
/*!40101 SET COLLATION_CONNECTION=@OLD_COLLATION_CONNECTION */;
/*!40111 SET SQL_NOTES=@OLD_SQL_NOTES */;

-- Dump completed on 2020-11-28 17:46:29
